isfriend,title,id,farm,ispublic,isfamily,owner,secret,server
0,Back to the burrito bowl diet. Time to get HUGE!,22767115418,6,1,0,79422781@N04,23a46d61cf,5694
0,"Loving this easy peasy burrito bowl!! -  3 oz. organic lean ground beef + organic ranch seasoning + 1/4 cup brown rice + 1/4 cup black beans + 1/4 cup sweet corn + 1/2 cup chopped bell pepper + 1/4 cup salsa. .. Calories: 364kcal, Fat: 9g, Carbs: 38g, Fib",30919495615,6,1,0,144716211@N02,397ce68fc9,5728
0,Spicy Shrimp Burrito Bowls recipe with cilantro lime rice and a corn black beanâ€¦ via [Mackenzie Kirk],30607138330,6,1,0,78726240@N08,37b472ed0f,5815
0,Burrito bowl Foodspotting at Chipotle Mexican Grill,30726054842,6,1,0,67262124@N00,2c8d866b3e,5660
0,#UberEATS #GoodEats Shaka Burrito. Moa Moa Chix Rice Bowl. #MarinatedChicken #Avocado #CornSalsa #AdobeBeans #ShakaBurritoSalsa #CilantroBrownRice. Perfect for a cool fall weekend day. Ordered from Central Park. Use UberEATS promo code eats-3fsvy for $15,30793048546,6,1,0,145379850@N05,3036fbe6f1,5825
0,"Wear a Costume from 3pm to 10pm for $3 Burrito, Bowls or Taco's at All Chipotle today Only all over this great Country #USA #Chicago #ThreeDollars",30687445915,6,1,0,92678838@N00,51af6bbbc4,5555
0,/ ami /,30046015293,6,1,0,20596166@N00,6e9c164dbe,5678
0,Crockpot Chicken Burrito Bowl - 21 Day Fix Recipes - Clean Eating Recipes Healthy Recipes - Dinner - Lunch weight loss - 21 Day Fix Meals - crockpot -Crockpot Chicken Burrito Bowl - 21 Day Fix Recipes - Clean Eating Recipes Healthy Recipes - Dinner - Lunc,30598237086,6,1,0,135032038@N07,584b77faa4,5586
0,"Any of our burritos can be bowls! ðŸ™Œ Check out our buffalo bowl! ðŸƒðŸ’šðŸƒ Organic smoked buffalo tempeh, avocado and organic 'blue cheese' dressing on a bed of organic spinach, organic shredded purple and green cabbage, or",30300046160,6,1,0,117498364@N07,832e528754,5637
0,Chicken Burrito Bowl from Feed Your Soul Too http://lebouffe.com http://ift.tt/1Y1GQXx,30506519351,6,1,0,135032038@N07,92d9a89cdd,5789
0,"Last day for this weeks special, the gluten free BUFFALO BURGER!ðŸŒ¶ðŸ” full menu including BUFFALO BURRITO and BUFFALO BOWLðŸƒ (gf)!!  LUNCH 12-2PM 2324 E Cesar Chavez  âš“ï¸512.619.7989ðŸ™ #veganyacht  #buffaloburger  #buf",29881491643,6,1,0,117498364@N07,83270b5fca,5447
0,Gluten free BUFFALO BURGERðŸŒ¶ðŸ” & BUFFALO BURRITOðŸŒ¶...you can also get the burrito as a bowl! Take away the tortilla and add organic spinach!! ðŸ™ŒðŸƒ LUNCH 12-2PM 2324 E Cesar Chavez  ðŸŒ¶512.619.7989 #v,30452487766,6,1,0,117498364@N07,ac4e3b5d6f,5806
0,Super delicious and filling Quinoa Burrito Bowl with AvocadoLime Dressing http://lebouffe.com http://ift.tt/1Y1GQXx,30264924112,6,1,0,135032038@N07,96749c982e,5508
0,My #vegan burrito bowl on the bus. #vegantami #veganlife,30175734782,6,1,0,9718139@N07,75b34f462a,5534
0,"Thanks to @flicca92 for this incredible dinner! She spent a fair bit of time to make avocado salsa, tomato salsa, yummy Mexican beef for our burrito bowls ðŸ˜ƒðŸ’ª guess she's a keeper hehe",29481736924,8,1,0,133013848@N02,4a83c86bb3,7510
0,"A very greedy burrito bowl for me: mixed bean chilli style sauce, spinach, quinoa, avocado, feta & crispy onions. All that's missing is a beer, but it is a school night. #burritobowl #monday #lblogger #foodblogger #balanced",29468035844,6,1,0,94413817@N08,9f4bfcf25a,5298
0,11 Social Media Ideas for Small Businesses,30006670831,6,1,0,147346364@N04,26368a4067,5101
0,Burrito Bowls with L,29865942025,9,1,0,125038811@N04,7827b7019e,8486
0,Slow Cooker Hawaiian Pork Burrito Bowls are a dinner saver as they cook all dayâ€¦ http://lebouffe.com http://ift.tt/1Y1GQXx,29614967436,9,1,0,135032038@N07,d94dea940d,8097
0,Burrito bowl for lunch ðŸ˜ðŸ˜ #vegan #veggies #compassionateeating #compassionateliving #govegan #hclf #veganfit #vegangirl #vegansofig #vegans #vegansofaustralia #vegansofinstagram #yum #healthy #beans #rice #homemade,29023251403,9,1,0,134770621@N07,fda395677a,8422
0,"D I N N E R ! My anniversary man had a work dinner tonight, but it's all good! I got myself a vegetarian burrito bowl, and we're dining out this weekend. At least I know EXACTLY what I'm putting in my body when I dine at home, right? ðŸ˜",28771780963,9,1,0,76684889@N06,aaf93487e9,8541
0,Vegan burrito bowl with 2 dressings,28619260343,9,1,0,29145313@N00,43466efc3b,8813
0,Moe's Southwest Grill,28615143543,9,1,0,55393381@N00,7d2371704a,8600
0,Moe's Southwest Grill,29201799466,9,1,0,55393381@N00,4d9cab34d5,8330
0,Moe's Southwest Grill,28947760600,9,1,0,55393381@N00,689261428e,8497
0,Moe's Southwest Grill,29201792456,9,1,0,55393381@N00,2fc601996c,8306
0,Moe's Southwest Grill,29157243641,9,1,0,55393381@N00,1c3198bdff,8111
0,Moe's Southwest Grill: Chicken Salad Bowl,29201787116,9,1,0,55393381@N00,d7148a0b41,8095
0,Moe's Southwest Grill: Beef Nachos,29157238871,8,1,0,55393381@N00,b0d6bc8300,7501
0,Moe's Southwest Grill: Beef Tacos,29127533702,9,1,0,55393381@N00,63bb289a9f,8260
0,Moe's Southwest Grill,28615128543,9,1,0,55393381@N00,a11b6287f4,8243
0,Vegetable Recipes-Sushi Burrito,28898498752,9,1,0,142944961@N02,3a2ee9b947,8028
0,"Vegetarian Burrito Bowl with Salsa, Crispy Black Beans, and Monterey Jack.  #hellofreshpics #food #foodporn #yum #instafood #TagsForLikes #yummy #amazing #instagood #photooftheday #sweet #dinner #lunch #fresh #tasty #foodie #delish #delicious #eating #foo",28565424436,9,1,0,94534626@N03,4bdd84e718,8593
0,@latejulyorganic these chips are perfect match for #burrito bowl and #fantastically #glutenfree and more #addicting than #chocolate #18dayroadtrip,27715289675,8,1,0,14578593@N00,ee09e042af,7328
0,.,26960965376,8,1,0,88697202@N00,fcb7088e45,7107
0,.,26960936466,8,1,0,88697202@N00,d59aab977d,7305
0,"We're open for our late night Friday menu with veggie burger specials, burritos, chilli bowls and falafel platters. Yipeeeeeee. #vegan #veggie #Friday",26103920174,2,1,0,114024510@N03,6da9c07175,1707
0,Belle of the Burrito (111/366),26486264941,2,1,0,76572739@N05,ccd117a770,1527
0,Spaghetti Squash Burrito Bowl #gf #glutenfree #paleo #naturallyglutenfree #vegetarian,25401846354,2,1,0,62796122@N06,cf5b7d617d,1637
0,Burrito Bowl,24915105729,2,1,0,138220148@N04,a8cff419d0,1615
0,"Khatia Buniatishvili - Chopin - Prelude No 4 in E minor, Op 28",25156773022,2,1,0,49638038@N03,be582f4c20,1611
0,Vegan burrito bowl on a plate!,25169814371,2,1,0,138220148@N04,e4e1e0f294,1712
0,Each One Reach One,24143171514,2,1,0,31384833@N08,7e00c6e591,1633
0,"Rachmaninov: Symphony No. 3 in A minor, Op. 44 (Ashkenazy, Koninklijk Concertgebouworkest)  a personal favorite richly painted and strokes of Shastakovich within",24622393372,2,1,0,49638038@N03,5d851b94fc,1692
0,"After a long day at work ,I believe...I really need this. A burrito bowl ðŸ˜€ðŸ˜€ðŸ˜€ #hardworkpaysoff #happy #smiles #runner #fit #fitboy #workingoutfood #caridofreak #carido #betterperson #fitbody #burritobowl #nikepuls #attractiverunn",23754706444,2,1,0,133751132@N06,0df9737180,1443
0,Burrito Bowl.....,23755433753,2,1,0,13949465@N08,edc9195708,1640
0,"....pour some @braddahs Hot Sauce....on meeee-hhhh , in da name of looooo-uuuuvveeeee....#defleppard #poursomehotsauceonme #braddahs #islandstyle #burritos #bowls #tacos #salads #nachos #coconutbark. ....and theeezzzzzzee..#hotsauce #hotsauces #plural #lo",23751616300,6,1,0,65462623@N02,3d665d7fd6,5709
0,.....Aloha Monday eve @braddahs as I duck dive underneath! #looktothewest #lookwhatwehavehere #Monday #muuuunnday #Monday #AlohaMonday #duckdive #nowyouknowwhatitlookslike #braddahs #islandstyle #burritos #bowls #tacos #salads #nachos #hotsauces #coconutb,23956644901,2,1,0,65462623@N02,2a81eb5196,1599
0,Moe's Burrito Bowl,22917606253,1,1,0,17741791@N00,65b964341e,701
0,Burrito Bowl,22726999267,1,1,0,97206880@N05,fe73e6a09a,598
0,Little Burrito and Trixie have a new water dish.,22914543941,1,1,0,71612706@N00,8cb3acae87,681
0,My favourite Mexican brekkie cafe @vinylcoffeeshop - tofu burrito bowl & fried chicken burger on brioche bun ðŸ˜‹ðŸ˜‹ðŸ˜‹   #vinylcoffeeshop #dominionroad #mexican #burgeralwaystastebetteronbriochebun #vscocam #auckland #vsco #vscofood #onthetable #han,22669565530,6,1,0,32632917@N02,bcc99b15a5,5813
0,"Day 1 highlights included complete domination of his own chipotle burrito bowl, hours at the Children's Museum, fishing in the harbor and a visit to Mike's Pastry. Not pictured: tons of riding the T, first ever Uber ride, or what miller called his favorit",20233982461,1,1,0,71316998@N00,3c2cec5f8d,428
0,Hubby had the brilliant idea of a Make Your Own Burrito Bowl night! Huge hit! ðŸ”¹Grilled chicken strips ðŸ”¹Cilantro Lime Quinoa (a newly found recipe!) ðŸ”¹Black beans ðŸ”¹Corn :small_blue_,18556016976,9,1,0,92465035@N00,2284f5001d,8836
0,Homemade iced coffee & breakfast burrito bowls. ðŸ˜‹ [#liveloudly #bandotodolist #psimadethis #darlingweekend #dscolor #thatsdarling #darlingmovement #lovelysquares #tnchustler #nothingisordinary_ #popyacolour #rainbow_wall #thehappynow #flashesofdelight,17604303799,6,1,0,131827050@N07,b553029cd9,5466
0,Moe's airport burrito bowl. Smaller than it looks. â–¡â–¡â–¡â–¡â–¡â–¡â–¡â–¡â–¡â–¡â–¡â–¡â–¡â–¡â–¡â–¡â–¡â–¡â–¡â–¡â–¡â–¡â–¡â–¡â–¡â–¡â–¡â–¡â–¡â–¡â–¡â–¡â–¡â–¡â–¡â–¡ #keto #ketosis #ketogains #ketovscarbs #ketogenic #Ketogenicdiet #transformation #weightloss #atkins #paleo #fatadaptedathlete #fatadapted #musclewhisperer #fitfam #fi,17018034364,6,1,0,128512958@N02,fa9ed80523,5348
0,Burrito Bowl with tofu,17556847916,6,1,0,22759125@N00,19b1ef258f,5449
0,[Seasonal Recipes] Spicy Sweet Potato and Green Rice Burrito Bowls,17343310090,8,1,0,132285445@N05,b8220608f8,7695
0,Burrito Bowl with tofu,16692936573,8,1,0,22759125@N00,2b5c83bdfb,7692
0,Burrito Bowl with tofu,16606843533,8,1,0,22759125@N00,04e9e3a8e7,7632
0,"Super yummy dinner, Turkey and chickpea burrito bowl. 462kcal 28g of protein, 20g of carbs and 30g of fat. Really struggle to get enough healthy fats in my diet but this reciepe is perfect. #notjustshakes #Herbalife #knowyourmacros",16943394847,9,1,0,128871590@N03,6d6a675805,8813
0,~02-18-15 Headlands Coffeehouse #1~,16399290147,9,1,0,54231871@N05,812b8118a5,8563
0,~02-19-15 Headlands Coffeehouse #4~,16399289467,9,1,0,54231871@N05,e609990fd1,8662
0,"...as promised @lasvegasweekly,....30,000 FREE Huli Huli Chicken Tacos. .....paddle out, drop in @braddahs. ...onoliscousness awaitz, Mahalo!  #braddahs #islandstyle #hulihulichicken #tacos #onthehouse #comped #passGo #collectaTaco #burritos #bowls #tacos",16592586392,8,1,0,65462623@N02,9a57837daa,7355
0,Happiest of All President's Days @braddahs from our Ohana to Yourz! Mahaloz!  #braddahs #islandstyle #burritos #bowls #tacos #salads #nachos #allthepresidentsmen #presidentsday #presidential #imjustnotthePresident #IeatHereToo #mountrushmore #mountRadness,16550507745,8,1,0,65462623@N02,741c6c3fd8,7282
0,"Valentine's Day Luv from @yelpnv @yelp Much Luv, @braddahs Mahaloz. #braddahs #islandstyle #burritos #bowls #tacos #salads #nachos #coconutbark #valentinesReview #5Star #waystoked #yelp #yelped #iwantyoutoYelpme #YelpSoft #YelpHard #YelpaYelpaDoo #HelpMeH",16532060305,9,1,0,65462623@N02,fee9ae0c0e,8565
0,"by @shredding_meals ""âœ¨Burrito Salad Bowl âœ¨  by @bringing_fit  2 handfuls of spinach  1 handful of spring mix  2 tablespoons 2% Greek Yogurt  2 tablespoons chunky salsa  2 tablespoons smashed avocado (with lime, salt and black pepper) 1/2",15895607613,9,1,0,127104680@N04,96303b03a3,8601
0,".... silly, silly haoleboy, ..... Itz not just Tuesday @braddahs.... rather rrr, Itz Two Dollar Tiki Taco Tuesday @braddahs,  fur shurrrrr! #braddahs #islandstyle #braddahsislandstyle #restaurants #burritos #bowls #tacos #salads #nachos #sauces #mustard #",16306985327,9,1,0,65462623@N02,334f551231,8646
0,Today is da day! @braddahs Slippah Sunday - Show Some Toes! #braddahs #islandstyle #braddahsislandstyle #restaurants #burritos #bowls #tacos #salads #nachos #sauces #hotsauce #mustard #BARKS #shaka #surf #skate #ska #poolboy #poolside #mayIpeek #whatisYou,16289066677,8,1,0,65462623@N02,74a8ae5a6f,7345
0,"lace up da Chuck's @converse #chucks haoleboy @braddahs,  time to grill! #braddahs #islandstyle #braddahsislandstyle #restaurants #burritos #bowls #tacos #salads #nachos #NewBrand #myuniform #mileage #walkthisway #lacedup #showsometoes #workflow #kickdati",16282418379,9,1,0,65462623@N02,a9da4df7a4,8583
0,"My eyes are full of humble tears, my Heart bursts with your luv for @braddahs,  currently trending #1 Hawaiian in the BEST of Las Vegas! #braddahs #islandstyle #braddahsislandstyle #restaurants #burritos #bowls #tacos #salads #nachos #NewBrand #alohaspiri",16459342931,9,1,0,65462623@N02,27cc06df99,8607
0,"Surfer Boy @braddahs,  being da Delivery Boy! #braddahs #islandstyle #braddahsislandstyle #restaurants #burritos #bowls #tacos #salads #nachos #sauces #mustard #BARKS #kaluapig #hawaiian #PinkSalt #workflow #indakitchen #pigbutts #eatme #poolboy #surferbo",16433743096,9,1,0,65462623@N02,ecb5944073,8670
0,"Wed morn chores @braddahs,  means sweep-n da dinin-n room floors. #braddahs #islandstyle #braddahsislandstyle #restaurants #burritos #bowls #tacos #salads #nachos #sauces #mustard #BARKS #shaka #humpday #walksoftlyandcarryaBIGBroom #red #wellofCourse #wor",16258168957,8,1,0,65462623@N02,c45216f55f,7383
0,"I wish it had read.... ""PLEASE""... Vote Now! @braddahs currently"" Trending"" in Four Categories for the BEST of Las Vegas! Fusion - Tacos - Hawaiian - Desserts. Mahalo! #braddahs #islandstyle #braddahsislandstyle #restaurants #burritos #bowls #tacos #salad",16238752269,8,1,0,65462623@N02,96797f6bf0,7430
0,"Braddahs #3 glows brightly for me @braddahs,  UNLV,  scream loudly for me! #braddahs #islandstyle #braddahsislandstyle #restaurants #burritos #bowls #tacos #salads #nachos #NewBrand #alohaspirit #alohastyle #numberthree #freeSoda #withID #UNLV @unlvathlet",16383843281,9,1,0,65462623@N02,5501be1287,8591
0,"... da friendly confines of Aloha @braddahs,  no. 2, includes a Tiki Dude & his, rad Drive Thru, too! #braddahs #islandstyle #CnH #fusion #braddahs2 #second #two #twodollars #tacos #wealsoserve #burritos #bowls #nachos #frontentrance #signage #eyecatcher",16197949068,8,1,0,65462623@N02,828c92362f,7344
0,Burrito bowl,30236830030,6,1,0,18958536@N00,18fe9bd43a,5717
0,à¸›à¸à¸•à¸´à¸ªà¸±à¹ˆà¸‡Bowl à¸¥à¸­à¸‡à¸ªà¸±à¹ˆà¸‡à¹à¸šà¸š Burrito à¸”à¸¹ ðŸ˜,30516775145,9,1,0,68755434@N00,e46159e6ba,8641
0,"Ok, I caved I'm getting a burrito bowl for dinner.#buritobowel #mexicofood #food",30458349525,6,1,0,64351048@N05,140c9e64f9,5484
0,"Day .0ï¸âƒ£7ï¸âƒ£.ã€°10.20.16ã€° . Only thing better than a burrito bowl, is a burrito and a bowl. @chipotlemexicangrill",30157873030,6,1,0,145857671@N04,be3ab810c3,5750
0,Skip Chipotle and try these burrito bowls right at home http://lebouffe.com http://ift.tt/1Y1GQXx,30126081390,6,1,0,135032038@N07,9617157011,5737
0,Any of our burritos can be made into bowls!! ðŸ™Œ LUNCH 12-2PM 2324 E Cesar Chavez  ðŸƒ512.619.7989ðŸƒ #veganyacht  #buffaloburrito  #mockwrap  #freetoburrito  #freetopie #freetosnotfritos #organicvegan #gmofreevegan #avocadoislife #au,30204229832,8,1,0,117498364@N07,7174931d24,7473
0,Burrito bowl,30197526821,8,1,0,95622437@N03,08398b4d05,7549
0,Any of our burritos can be bowls! MOCK SALAD is YACHTSTER fave!  Come see us for LUNCH 12-2PM 2324 E Cesar Chavez  ðŸƒ512.619.7989ðŸƒ #veganyacht #mocksalad  #glutenfreevegan #organicvegan #gmofreevegan #avocadoislife #austintexasveganfood #best,30164732822,6,1,0,117498364@N07,dbba0888bd,5557
0,"This monster-sized box of food is a 'burrito bowl' with adobo chicken on the bottom and guacamole on the top. It was very good, but I would've ordered a half portion if such an option existed.",30223305076,6,1,0,44124342631@N01,14c7c07c37,5576
0,"Korean BBQ Kimchi burrito Bowl, Kimchi fries and Korean gnocchi! Yummm.",30116630871,6,1,0,25002733@N05,459ef6ea33,5636
0,FRIED CHICKEN KATSU SUSHI BURRITO @projectpokeco opens in Fountain Valley THIS SATURDAY 10/8 at noon with a buy 1 get 1 FREE offer for any pokÃ© burrito or bowl  100% RECOMMEND ðŸ’¯ GO! ðŸ“·: @007enzo1 ðŸ“: @projectpokeco #âƒ£: #CharismaticS,30162404405,9,1,0,65590157@N03,3ecab4a188,8544
0,High-Protein Shrimp Burrito Bowl,30020880662,9,1,0,135312004@N08,c1698618b4,8537
0,"Oh sweet dinner, this was DELISH!  @minimalistbaker we made your smoky tempeh burrito bowl... so so yummy!! And the link to saveur for the rice technique was SPOT on!  So perfect! Check out www.minimalistbaker.com for the recipe. ðŸ˜˜ #vegan #v",29449219774,6,1,0,31412962@N00,cca63b6e18,5304
0,Burrito Bowl,29879482901,6,1,0,60216279@N00,f9642b1cb9,5348
0,"And now, we eat! I had my bbq chicken burrito bowl & Sunny (and Rosy) got some extra cheese with their kibble. Rosy's not in this pic because she was still licking her empty bowl for any invisible cheese crumbs.",29326323403,9,1,0,91253241@N04,c6898f553b,8049
0,These one-pan bbq chicken burrito bowls (recipe by @thekitchn) are sooo good!,29870641236,9,1,0,91253241@N04,77b2706a47,8498
0,Happiness ðŸ˜‹ is getting your favorite @cemitaseltigre baja crispy fish burrito  in a bowl ðŸ´,29706777606,9,1,0,25145565@N00,5619997f0c,8440
0,"ALOHA MEW INSIDE!! JUST KIDDING...  SORRY NO PUBLIC RESTROOMS :( WE DO HAVE: COLD DRINKS, SUSHI BURRITOS, POKE BOWLS, AND SPECIALS ALL DAY!!",29062376853,9,1,0,99753978@N03,39c7946d5c,8550
0,Tasty burrito bowls on the Trend Bar at Top Drawer @olympialondon @topdrawerlondon @levyrestaurantsuk #foodporn #foodies #burittobowls #tastyfood #igerslondon #foodforthought #lunch #lunchtime #hotfood #trendbar #topdrawerlondon,29530010411,9,1,0,61751628@N05,7b74512a5f,8779
0,Weekday Meal-Prep Chicken Burrito Bowls,28855202684,9,1,0,143262846@N03,b2ff6e1755,8559
0,Mmmm #lunchdate @raweateryandmarket #yyc - Broken Burrito Bowl #yycvegan #vegan,28788772983,9,1,0,8751723@N02,41fd01233e,8546
0,"It was so delicious I decided to have it for dinner. So what's for dinner tonight? It's My Fabulous burrito bowl that I had for lunch. I had to have it for dinner as well. Ground turkey, onions, peppers and my special seasoning. Accompanied with Spanish r",29269606431,9,1,0,29148867@N02,2e5af8abf4,8354
0,What's for lunch today? It's my famous burrito bowl. ground turkey onions peppers and my special seasoning. Accompanied with Spanish rice and my fabulous spices.,29053518810,9,1,0,29148867@N02,a742f69b97,8440
0,My day today... isn't that burrito bowl beautiful?!!!,28676760784,9,1,0,125450309@N05,7aec601cf0,8519
0,Chipotle Burrito Bowl,28495758543,9,1,0,39037434@N08,8dafddbc41,8467
0,Assemble a healthy and delicious burrito bowl with these perfectly grilled juicy chicken breasts in just 30 minutes. #lglutenfree #cleaneating http://lebouffe.com http://ift.tt/1Y1GQXx,28427487913,9,1,0,135032038@N07,f309354c94,8184
0,Vegan Dinner,29024403685,9,1,0,145436335@N05,a83924ede2,8519
0,Sweet Potato Green Rice Bowl,28404142054,9,1,0,145436335@N05,ff437bb783,8142
0,Grilled Chicken Burrito Bowl,28981790215,9,1,0,142840472@N04,943351e0f3,8842
0,Grilled Chicken Burrito Bowl_6,28365051003,9,1,0,142840472@N04,a573775697,8688
0,Grilled Chicken Burrito Bowl_5,28365044603,9,1,0,142840472@N04,e65558de84,8586
0,Grilled Chicken Burrito Bowl_3,28981782365,9,1,0,142840472@N04,8947dfe1e3,8806
0,Grilled Chicken Burrito Bowl_2,28365029553,9,1,0,142840472@N04,267bbe7861,8698
0,Grilled Chicken Burrito Bowl Spread,28981778545,9,1,0,142840472@N04,67715f8d1e,8681
0,Taco Bell may be testing burritos with Cheetos... We present you with a version of chocolate dipped Cheetos from Europe. ðŸ« We recommend you enjoy responsibly - in a small Cambro Dinnerware bowl.,28104645884,9,1,0,48854489@N08,d0895053df,8317
0,"On my lonesome tonight, so burrito bowl it is!",28670386636,8,1,0,28705357@N00,09c1a4e9a8,7710
0,octopus burrito bowl,28451853721,9,1,0,36209700@N02,6285da034a,8230
0,Burrito Bowl with pork,27846995884,9,1,0,22759125@N00,59ae6d57ef,8881
0,Vegetarian Burrito Bowl,28461977225,9,1,0,49962418@N00,36c64a842e,8608
0,"PURE JOY @ziprecruiterhq every week when they order 200 burritos, large barista boxes of coffee, freshly cut fruit bowls, and bagels ðŸ™Œ #Catering with #DKSDONUTS ðŸ“© for inquiries: info@dksdonuts.com",27819596663,9,1,0,127913202@N03,73b5100420,8702
0,Taco Rice Bowl  Born in the Japan !  #tacos #burrito #mexicanrestaurant #kyoto #gionmatsuri #california #surf,27743333234,8,1,0,136068882@N07,19c46659f1,7545
0,Slow Cooker Chicken,28314016016,8,1,0,125038811@N04,4b3674ea30,7528
0,"I've been craving this place for months.......Chipotle's Mexican Grill downtown Dundas Square Toronto ! Spicy Chicken Burrito bowl, with Guacamole, Lime seasoned Nachos, fresh Pico De Gallo Salsa, Soda to wash it down ! Bae Goals ! ðŸ˜ðŸŒµ #c",28049385600,9,1,0,98247681@N06,26eb1da5bc,8733
0,Cilantro Lime Quinoa 1,27968503532,8,1,0,48746230@N06,0d448fc137,7136
0,Cilantro Lime Quinoa 2,27457372114,8,1,0,48746230@N06,d22ace323a,7221
0,Burrito bowl from Ritta's Burritos,27355830333,8,1,0,87876404@N00,a16c3f76f0,7460
0,Chipotle Burrito Bowl,27846355392,8,1,0,40646519@N00,a8d7b6e8f7,7757
0,"Burrito bowl! Taco seasoned steak, cilantro lime rice, seasoned black beans, corn, fajita peppers, with a #nattygreenes wild flower Wit! #tonightfordinner",27864892345,8,1,0,67087723@N08,3c7793082d,7206
0,Toronto Food Delivery,27239861203,8,1,0,143937826@N07,611e96c8ae,7356
0,30-Minute Healthy Ch,27149099673,8,1,0,125038811@N04,db4bd1733d,7324
0,"The burrito bowls at Chipotle are the best!!  #throwback to Chipotle in Lansing Mall, planning a Michigan trip soon - can't wait!! ðŸ’¯ðŸ’¯ðŸ”¥ðŸ”¥ #Chipotle #food #burritobowl #steak #foodie #nomnom #LansingMall #Lansing #Michigan #sourcream #lettu",27143934254,8,1,0,132243930@N06,eb9e52b1a8,7085
0,Looking for light meals that donâ€™t require the oven? Then you will love these Chicken and Brown Rice Burrito Bowls! It is the perfect summer recipe. AD MinuteMealsSweeps http://lebouffe.com http://ift.tt/1Y1GQXx,27644382671,8,1,0,135032038@N07,2fe8ef70ec,7293
0,Mexican excitement coming soon nearby,27615992332,8,1,0,142242520@N02,9697a6a6ec,7653
0,Burrito Bowl,27612664896,8,1,0,60216279@N00,8e4d63f165,7451
0,Shrimp Burrito Bowl.,27001908783,8,1,0,58593880@N00,a48363caac,7293
0,Lunch time,27275944030,8,1,0,34286342@N03,79eaa0dee0,7324
0,Salad With Seasonal Vegetables and Mandarin Oranges Served With Papadum,27526129095,8,1,0,69603781@N05,38eb3bf81b,7210
0,Salad With Seasonal Vegetables and Mandarin Oranges Served With Papadum,27526128395,8,1,0,69603781@N05,ec80580172,7786
0,Post Race Burrito Bowl,27291850481,8,1,0,27109764@N04,8965ba03f6,7291
0,Healthy veggie burrito bowl,26981662270,8,1,0,140712663@N07,0446c7e914,7767
0,"Quick Chicken Burrito Bowl with Cilantro Dressingâ€¦When using rotisserie chicken, this healthy dinner takes only minutes to put together. 363 calories per serving.",26498175334,8,1,0,37189987@N06,4892c44d0a,7159
0,Quick healthy recipes,27103701635,8,1,0,37189987@N06,4468e7f006,7780
0,"Burrito bowl from Boloco made with mango salsa, chicken, black beans, rice and sour cream ðŸ˜ #lunch #boloco #burritobowl #healthyeating #food #goodfood #foodjourney #healthy #healthyfood #healthylife #diet #fitfam",26475507654,8,1,0,134442040@N04,932b2a9615,7625
0,"Got my burrito bowl ready, hoping @kimchi_chic wins #rupaulsdragrace tonight! #chipotle #whenisdinner #kimchi #teamkimchi #rupaulsdragracefinale",26993637551,8,1,0,33744716@N03,a23dbe6be1,7184
0,134/366,26968988041,8,1,0,14835052@N00,43dc4de489,7791
0,.,26720725110,8,1,0,88697202@N00,5203ef0b8c,7151
0,.,26720718890,8,1,0,88697202@N00,08219581b6,7174
0,.,26720706020,8,1,0,88697202@N00,143b0207f7,7235
0,.,26720694710,8,1,0,88697202@N00,965fee6046,7141
0,.,26960920516,8,1,0,88697202@N00,2e326497c9,7628
0,Super Simple Vegan Burrito Bowls (GF) (Source) VeganFoodPornPictures.com | Vegan Cookbooks On Sale! Like Us On Facebook | Follow Us On Twitter,26826656572,8,1,0,124518470@N07,6a52b8678c,7646
0,Sustainable catering via bike to help relieve your Monday woes. #burritos and bowls from @chachachapdx saved the day!,26314248793,8,1,0,41762471@N07,3b8e1b76f3,7461
0,Happy Cinco de Mayo,26806384636,8,1,0,36454748@N00,7a7d46de17,7638
0,Burrito bowl,26198095463,8,1,0,19573512@N00,2abd18a101,7481
0,Lobster burrito bowl omg,26189282014,8,1,0,84485192@N00,66e7504405,7466
0,Cauliflower Rice Burrito Bowl,26172748813,8,1,0,137431967@N06,7c3d202137,7782
0,Burrito Bowl,26105638294,2,1,0,118816527@N03,0b9e4d6b17,1689
0,"Burrito Bowl with Creamy Chipotle Sauce (Â½ cup plain greek, 1 chipotle in adobo sauce, Â½ tsp. adobo sauce, 1-2 cloves garlic, 1 Tbsp. fresh lime juice, 1/8 tsp. cumin - I donâ€™t like the sound of the sauce so Iâ€™ll have to find something else. http://lebouf",26646976616,2,1,0,135032038@N07,36fa619657,1513
0,"Now you can easily make your favorite Burrito Bowls at home! Full of flavor, it's the perfect quick weeknight dinner idea! AD",26637149596,2,1,0,93676167@N06,be0d6d70fc,1505
0,"Now you can easily make your favorite Burrito Bowls at home! Full of flavor, it's the perfect quick weeknight dinner idea! AD",26598182791,2,1,0,93676167@N06,a6b7234f75,1711
0,"Now you can easily make your favorite Burrito Bowls at home! Full of flavor, it's the perfect quick weeknight dinner idea! AD",26598182761,2,1,0,93676167@N06,ecd9e6546d,1545
0,"Now you can easily make your favorite Burrito Bowls at home! Full of flavor, it's the perfect quick weeknight dinner idea! AD",26598182071,2,1,0,93676167@N06,2768896084,1467
0,"Now you can easily make your favorite Burrito Bowls at home! Full of flavor, it's the perfect quick weeknight dinner idea! AD",26598182041,2,1,0,93676167@N06,28aaafc788,1660
0,"Now you can easily make your favorite Burrito Bowls at home! Full of flavor, it's the perfect quick weeknight dinner idea! AD",26598181761,2,1,0,93676167@N06,a75c66e701,1457
0,@rjbarbaro @soggybones team rider smashing stale at @soggybones_perth_store bowl in Oz. Photo @jacklydonsgram @boneswheels #skatediy #skate #independenttrucks #creaturefiends #reizeenergydrink #beach_burrito_co #poolspipespunkrock #buildxdestroy,26551726811,2,1,0,136800916@N02,04fc0f7ba1,1535
0,Slow Cooker Chicken Burrito Bowl - tender chicken black beans and brown rice in an easy slow cooker recipe. http://lebouffe.com http://ift.tt/1Y1GQXx,26492737441,2,1,0,135032038@N07,c5679974e5,1701
0,Moe's Southwestern Grill,26421717872,2,1,0,141233868@N02,d4cd6c701f,1485
0,Mexican Burrito Bowl with Cashew Chipotle Cream Sauce (Source) VeganFoodPornPictures.com | Vegan Cookbooks On Sale! Like Us On Facebook | Follow Us On Twitter,26238837790,2,1,0,124518470@N07,01813aedaf,1543
0,@salsasfreshmex love these #burrito bowls this one was classic beef ... So filling and delicious  #mexican #sourcream #guacamole #food #foodporn #yum #instafood #TagsForLikes #yummy #amazing #instagood #photooftheday #sweet #dinner #lunch #breakfast  #tas,26480316915,2,1,0,127470969@N04,7efb705d3b,1664
0,"Homemade version of a burrito bowl! Chicken pieces, pinto beans, rice, pico and salsa, and Daiya Pepperjack cheese!! Yummy!! #EOE #EoEMamas #eosinophilicesophagitis #healthychoices #homemade #burrito #chef #daiya #rice #healthyfood #healthyeating #onehapp",25795471903,2,1,0,89154107@N03,fc2f715bbf,1568
0,Eating a burrito bowl at one of my favorite places.,26062918930,2,1,0,44068985@N02,58035a36b0,1700
0,"When life gives you midterms, @budiningservice gives you burrito bowls ðŸ™ {Seasoned rice + cilantro-lime chicken + pinto beans + pico de gallo + guacamole } #fituniversity",26276497945,2,1,0,134442040@N04,2395abec78,1611
0,Acai Bowl,25608717734,2,1,0,77862933@N00,51616cfb88,1518
0,Acai Bowl,26147185671,2,1,0,77862933@N00,031f8e676f,1544
0,Acai Bowl,26147184431,2,1,0,77862933@N00,631b6437a4,1520
0,Acai Bowl,25608713164,2,1,0,77862933@N00,f137c8d198,1659
0,Slow cooker burrito bowls (Source) VeganFoodPornPictures.com | Vegan Cookbooks On Sale! Like Us On Facebook | Follow Us On Twitter,25545201614,2,1,0,124518470@N07,4b9895d29d,1516
0,Big Sky - bowl from burrito stand,25850837450,2,1,0,28303662@N04,36ba5b7049,1533
0,"#Tuesday night #Burrito Bowls by @shanyaraleonie ~ filled w/ Sweet #Potato #Fries, #Guacamole, Pico De Gallo, Cashew Sour Cream & Refried Black Beans & #vegan #potato 'cheese'! ðŸ‘‰Get the #recipe & 50+ more of our fav #recipes from the Bowls Fee",26030856262,2,1,0,130577414@N03,90c04317bd,1541
0,"$1 Breakfast Value Menu: Mini Skillet Bowl, Quesadilla, Burrito, Soft Taco",25505358033,2,1,0,22759125@N00,2e9bdd3212,1541
0,Chicken burrito bowl #gf #glutenfree #naturallyglutenfree,25403111934,2,1,0,62796122@N06,f4dec7e7e8,1682
0,Chicken Burrito Bowl #naturallyglutenfree #glutenfree #gf,25733611990,2,1,0,62796122@N06,c3dcf752a0,1452
0,Spicy black bean burrito bowls w/ tangy chipotle sauce (Source) VeganFoodPornPictures.com | Vegan Cookbooks On Sale! Like Us On Facebook | Follow Us On Twitter,26012665115,2,1,0,124518470@N07,000f7aecb6,1457
0,#food #life #reflection #burrito #bowl #photooftheday #instalike #loveit #instagood #instamood #fresh #air #happy #comfort #downtown #style #vegitarian #like #daily #healthy #city #downtown #toronto #sunny #day #chips #veggi,25964489765,2,1,0,87955206@N00,7ce7758079,1700
0,Burrito Bowl,25283737293,2,1,0,35477905@N08,77411fc320,1537
0,Homemade Mexican Chicken Burrito Bowl,25891211385,2,1,0,97092379@N04,4fe0044a22,1669
0,Trying out a healthy alternative on Granville Street with Tim - Avocado Salad and a Burrito Bowl. Mmm. Delish!  Thank you @hungryguyskitchen for taking care of us!,25748565201,2,1,0,58157606@N00,39334c9d9d,1569
0,These Spaghetti Squash Burrito Bowls (Source) VeganFoodPornPictures.com | Vegan Cookbooks On Sale! Like Us On Facebook | Follow Us On Twitter,25164568103,2,1,0,124518470@N07,55249f237e,1668
0,Sweet Potato Burrito Bowl (Source) VeganFoodPornPictures.com | Vegan Cookbooks On Sale! Like Us On Facebook | Follow Us On Twitter,25616721742,2,1,0,124518470@N07,3df80eb2d6,1612
0,Pineapple burrito bowls never disappoint ðŸ,25658559096,2,1,0,134442040@N04,75bdeed26c,1560
0,I was hype AF when i found this in my mailbox yesterday.  Iv rushed to Chipotle today to get my free burrito bowl. There's one av few blocks from home.  I'm in here destroying this jawn. ðŸ˜‚ðŸ˜‚ðŸ˜‚ðŸ˜‚ðŸ˜‚ðŸ˜‚ðŸ˜‚ I ain't even have to pay for Gua,25627555275,2,1,0,77538442@N02,28aa32bca9,1602
0,Burrito Bowl #glutenfree,25215842300,2,1,0,44068985@N02,0ba85d24f4,1623
0,Spaghetti Squash Burrito Bowls: a healthy grain-free alternative to Chipotleâ€™s burrito bowl! http://lebouffe.com http://ift.tt/1Y1GQXx,25257203492,2,1,0,135032038@N07,b1d839ee98,1473
0,Burrito Bowl (Source) VeganFoodPornPictures.com | Vegan Cookbooks On Sale! Like Us On Facebook | Follow Us On Twitter,25281515431,2,1,0,124518470@N07,d29103de44,1515
0,T- 8 hours until burrito bowls!,24908010619,2,1,0,54727377@N00,2cf1960565,1683
0,Hawaiian Pork Burrito Bowls,24960426980,2,1,0,27641671@N04,6a6fe3426c,1681
0,31.01.16,24870710409,2,1,0,52705201@N04,115665b0f4,1567
0,Chicken Cantina Power Bowl and bean burrito,24912104430,2,1,0,22759125@N00,a9815f7706,1522
0,I COULD LIVE ON SHREDDED SALSA CHICKEN BURRITO BOWLS. ðŸ“ðŸ“ðŸ“ KBYE. #FRIYAY #morecheeseplease,24772556929,2,1,0,135583124@N04,b16b2bed5e,1705
0,Burrito Bowl Mason J,24659183759,2,1,0,91209760@N02,37dd8cbfeb,1508
0,Opted for #carnitas burrito bowl from #chipotle instead of the usual party hardy tonight so I can be ready for the last day of #AMAZINGCOMICCON AZ tomorrow #foodporn #AACC,24381394584,2,1,0,40714119@N02,749e2dd243,1530
0,Back Alley Burrito,24339289303,2,1,0,32195144@N00,f9a59de3fc,1622
0,50 Super Bowl,24282220493,2,1,0,41808763@N00,4945fedb3c,1486
0,thirty-nine,24815606971,2,1,0,38116435@N00,44bc30e14d,1698
0,Burrito Bowls with Chicken,24233307033,2,1,0,34168666@N07,f8fe7afae1,1593
0,Burrito Bowls with Chicken,24860148315,2,1,0,34168666@N07,3da56a3eac,1705
0,Burrito Bowls with Chicken,24492547139,2,1,0,34168666@N07,339c81835c,1712
0,Burrito Bowls with Chicken,24564678080,2,1,0,34168666@N07,4eae760ec8,1650
0,Burrito Bowls with Chicken,24492544409,2,1,0,34168666@N07,526f174cb1,1611
0,Burrito Bowls with Chicken,24231981024,2,1,0,34168666@N07,db60d9a32a,1643
0,Get unique and fresh burritos and bowls from @koifusionpdx by #providencepark,24411378619,2,1,0,41762471@N07,ba5f65f0ca,1695
0,Spicy black bean burrito bowls with cashew + hemp seed chipotle sauce,24346832839,2,1,0,33475181@N05,eaf9528417,1560
0,Spicy black bean burrito bowls with cashew + hemp seed chipotle sauce,24086332924,2,1,0,33475181@N05,9bb712d4d7,1684
0,Spicy black bean burrito bowls with cashew + hemp seed chipotle sauce,24418774470,2,1,0,33475181@N05,4a7b6a54e5,1563
0,Burrito bowl fixings and that cashew + hemp seed chipotle sauce,24087416023,2,1,0,33475181@N05,f55942c3b0,1694
0,Burrito bowl fixings,24418719190,2,1,0,33475181@N05,486965597e,1680
0,Spicy black bean burrito bowls with cashew + hemp seed chipotle sauce,24714205885,2,1,0,33475181@N05,589875564a,1501
0,Spicy black bean burrito bowls with cashew + hemp seed chipotle sauce,24346507119,2,1,0,33475181@N05,d631512b77,1582
0,bowl 2,24049225034,2,1,0,118658172@N04,242efd2a64,1598
0,bowl 1,24559610632,2,1,0,118658172@N04,e330a2888f,1562
0,My lunch! Is it a burrito bowl or a taco salad? Who cares? It's yummy!  #homeschoolmom #lunch #food,24650562105,2,1,0,58204082@N05,e038f610cb,1579
0,Nuzzle,24314079050,2,1,0,9752912@N05,919e92effa,1470
0,"Chicken & Black Bean Burrito Bowl!ðŸ´ðŸœ  Make your own Mexican-inspired chicken burrito bowl with cilantro-lime rice and all the trimmings. This recipe uses black beans, but you can substitute pinto beans if you prefer. With fresh salsa,",24575400045,2,1,0,98256581@N04,62f8a1a8af,1483
0,Game Night!,23948086223,2,1,0,25977089@N00,f232f51742,1444
0,ElTiempo-Carne-Burrito-Bowl-4x6-300dpi,24472705735,2,1,0,126841850@N02,a0b8c1b7fd,1599
0,ElTiempo-Veggie-Burrito-Bowl-4x6-300dpi,24104920389,2,1,0,126841850@N02,6e819b30cc,1678
0,Ginger Cub Imperial Stout at @northjettybrewing #delicious - Pro tip- order Korean hot sauce with burrito bowl. #notthathot,23780434603,2,1,0,29658899@N07,a96858b9c6,1540
0,Burrito Bowl,23755435863,2,1,0,13949465@N08,5f37f6bca6,1691
0,What happens when one doesn't pay attention....,24086649860,2,1,0,13949465@N08,7fe6c5c211,1613
0,"Meal prep for week 3 of 2015. Breakfast and lunch are already prepped and in the freezer - smoothies for breakfast, burrito bowls and an orange for lunch.  Dinner is brown rice, chicken, and veggies again this week. Yogurt and nuts for snacks.",23679592734,2,1,0,79022473@N00,7397eb6142,1512
0,Black bean burrito bowl / Recipe (Source) VeganFoodPornPictures.com | Vegan Cookbooks On Sale! Like Us On Facebook | Follow Us On Twitter,24238936286,2,1,0,124518470@N07,0ffddd38c9,1583
0,Mahi Mahi Burrito Bowl,24230558556,2,1,0,31954625@N00,86397f0b11,1688
0,Carnitas Burrito Bowl at CALI Kitchen. Really hits the spot. Added guac. They put a lot of lime and cilantro. I want another.,24140533931,2,1,0,7381037@N08,b594527103,1557
0,"...the founder @ccsurfer67 of our brand @braddahs  wanted a grab bag dessert for his guests, when they completed there custom made #burritos #bowls #tacos #salads #nachos......so his better half gave him the base, of which he added #hawaiian #pinksalt & #",24077726532,2,1,0,65462623@N02,c5da2f0d13,1519
0,Beef Burrito Bowl #gf #glutenfree #naturallyglutenfree,23552565704,2,1,0,62796122@N06,d7277eea0e,1554
0,".........a hui hou, father time 2015 @braddahs......aloha, baby new year 2016.....#braddahs #islandstyle #burritos #bowls #tacos #salads #nachos #hotsauces #coconutbark #lasvegas #lasvegasfood #restaurateur #entrepreneur #happynewyear #babynewyear #goodby",23990763832,6,1,0,65462623@N02,dffe8f7a48,5769
0,"Charred Pineapple Verde, Mango with Roasted Corn & Tomato with Grilled Maui Onion - SALSAS @braddahs made fresh daily in small batches!  #salsa #salsas #mild #medium #hot #CurlYourTongue #CurlYourToes #somuchyum #braddahs #islandstyle #burritos #bowls #ta",23774556300,6,1,0,65462623@N02,bcdfc9f94c,5656
0,"Finally tried Dank Burrito, Asian Pulled Pork Bowl",23986751421,2,1,0,22381047@N06,46330493c6,1449
0,"A little red wine some mindless knitting in pretty yarn, while the chicken for our homemade burrito bowls cooks",23687171679,6,1,0,86253825@N00,86f811b6ab,5684
0,burrito bowl,23933071781,2,1,0,29932833@N06,d092eb1b3a,1652
0,DSC_1693,23915632351,2,1,0,138936259@N08,33e73a714f,1549
0,"Hot Guava Mustard Seed @braddahs curls my Tongue, will Curl Your Toes, too....#braddahs #islandstyle #burritos #bowls #tacos #salads #nachos #coconutbark #hotsauces #mustardsauce #madeinsmallbatches  #bottledbyHand #labledwitAaloha #sealedwithLove #youwan",23889152552,6,1,0,65462623@N02,618ccc9de4,5826
0,...when Gaudin Ford..wants @braddahs to be their first catered lunch aft-a Christmas.....#howradisthis #howradisthat #cater #catering #caterer #entrepreneur #doesitall #braddahs #islandstyle #burritos #bowls #tacos #salads #nachos #coconutbark #hotsauces,23692788750,6,1,0,65462623@N02,084f2561ec,5684
0,Wednesday 12/23/15,23911604236,6,1,0,78139455@N02,905001d5ec,5713
0,"...happiest, of hump days @braddahs to you! #humpday #humpy #humps #hump #funtosay #sayitwithme #funtodo #doitwithme #braddahs #islandstyle #burritos #bowls #tacos #salads #nachos #chips #hotsauces #shakas #truecooks #whatwedo #makeyoufeelgood #makeyoudro",23902202646,1,1,0,65462623@N02,5dd4449940,721
0,...lunch was so good @braddahs she went home got a sweater ...and is meeting friends @braddahs for dinner.....#twotimes #lunch #dinner #dinnerdeal #24.95 #dinnerdeal #herandthreemore #braddahs #islandstyle #burritos #bowls #tacos #salads #nachos #coconutb,23835325871,1,1,0,65462623@N02,0e515137c0,765
0,...where you go-n???? ......down to @braddahs for Tiki Taco Tuesday....fur shur...#wheresmySkate #iwannaGo. ..go????...you beddah be #grilling #braddahs #islandstyle #burritos #bowls #tacos #salads #nachos #coconutbark #hotsauces #brokedamout #LasVegas #t,23801681372,6,1,0,65462623@N02,1fb77c26bf,5739
0,"Monday, 12/21/15",23276454423,1,1,0,78139455@N02,b22eb014c2,761
0,#Repost @darwinabalos78 with @repostapp ãƒ»ãƒ»ãƒ» Lunch time........much mahalos @darwinabalos78.....@braddahs #furshur ....#braddahs #islandstyle #burritos #bowls #tacos #salads #nachos #coconutbark #hotsauces #brokedamout #LasVegas #hawaiiansun #lunchtime #al,23603277480,1,1,0,65462623@N02,b2b8ce2077,742
0,...this Pineapple @braddahs is so ready for Santa! #braddahs #islandstyle #burritos #bowls #tacos #salads #nachos #coconutbark #hotsauces #brokedamout #LasVegas #lovethepineapple #lovethepepper #notthechipotleone #lovethepalmtree #loveme #loveyou #truecoo,23835808766,1,1,0,65462623@N02,e548083fc3,712
0,Burrito Rice Bowls! (Source) VeganFoodPornPictures.com | Vegan Cookbooks On Sale! Like Us On Facebook | Follow Us On Twitter,23203851893,6,1,0,124518470@N07,9f4e688ef5,5697
0,...let's throw it back @braddahs to 1985 @flintridgeprep.....senior year book page.....#braddahs #islandstyle #burritos #bowls #tacos #salads #nachos #coconutbark #hotsauces #senioryear #classic #classof85 #wheniwassupple #so80s #whathappened #whiteleathe,23796821696,1,1,0,65462623@N02,5f179f0a08,686
0,Made Chipotle burrito bowls tonight for dinner. Don't mind my bowl too much. I had already begun eating by the time I took a pic ðŸ˜‹ #food #chipotle #homemade #burrito #bowl #dinner,23189150483,6,1,0,99404698@N02,9dd890c7c2,5651
0,Burrito bowlâ€¦ â€¦ . #vsco #vscocam #vscophile #vscogood #vscogrid #vscoindia #vscoinsta #instagood #iiframe #vscopoland #vscorussia #vscomoscow #vscovisuals #nothingisordinary #vscobest #vscoukraine #nothingisordinary_ #vscouk #vscoturkey #vscoedit #vsconat,23183352294,1,1,0,135032038@N07,41eb884830,571
0,Burrito bowl. . . . . . . #vsco #vscocam #vscophile #vscogood #vscogrid #vscoindia #vscoinsta #instagood #iiframe #vscopoland #vscorussia #vscomoscow #vscovisuals #nothingisordinary #vscobest #vscoukraine #nothingisordinary_ #vscouk #vscoturkey #vscoedit,23184356053,6,1,0,135032038@N07,094f6e26f3,5739
0,20151214-05-Beef cheek burrito bowl at Ginger Brown in Hobart,23158964133,1,1,0,14220155@N03,a62e050a2b,708
0,...when it's so good @braddahs....an out of towner YELPS @yelplv @yelp from the front seat of his car! #yelptwotimesindamorning #yelptwotimesatnight #yelptwotimesatBRADDAHS #makeyoufeelallright #braddahs #islandstyle #burritos #bowls #tacos #salads #nacho,23758086305,1,1,0,65462623@N02,5283e420aa,645
0,....much Aloha @yelplv @yelp for the rad 5 Star review @braddahs fur shur! #yelplv #yelp #yelped #yelpelite #yelpayelpadingdong #yelped #yelpshort #yelpLong #whythankyou #readAllaboutit #braddahs #islandstyle #burritos #bowls #tacos #salads #nachos #cocon,23757545385,6,1,0,65462623@N02,d0d1a284d5,5753
0,"Braddah's....was built to offer something new in the cluttered, freshly made quick casual gourmet mexican food segment of the quick casual hospitality industry of $7 to $10 check average range. The vision of offering Hawaiian food in a burrito, bowl, taco",23652144991,1,1,0,65462623@N02,13751b9dcc,686
0,#Repost @brookej.ackson with @repostapp ãƒ»ãƒ»ãƒ» 2nd happy place .....to BRADDAH'S @braddahs @chipotlemexicangrill #furshur #braddahs #islandstyle #burritos #bowls #tacos #salads #nachos #coconutbark #hotsauces #brokedamout #better #waybetterthanchipotle.....#,23686909136,1,1,0,65462623@N02,c37a9927a1,726
0,...take a bowl @braddahs to go.....#takeout #togo #drivethru #latenightsnack #freshfood #lasvegas #whereareyou #wontclogyourarteries  #wontslowyourmind #dressdown #casual #pjs #braddahs #islandstyle #burritos #bowls #tacos #salads #nachos #coconutbark #ho,23395974180,1,1,0,65462623@N02,1cda8ea632,609
0,"When in Brighton... To be honest my mouth was on fire for a good hour after this huge squash & sweet potato burrito bowl, worth it nevertheless! Strongly recomend visiting this place if you get the chance - crazy interior, delicious food and student-frien",23679908215,1,1,0,135291979@N07,9bc3d9216a,708
0,..Ka-lu-a PIG taco @braddahs....leave room for da box of #coconutbark lurking .....behind! #kaluapig #funtosay #sayitwithme #ka #lou #aaaahhhhh #chipotle #chipotlemexicangrill #lookatme #eatme #braddahs #islandstyle #burritos #bowls #tacos #salads #nachos,23299525449,1,1,0,65462623@N02,ed5bffc7d0,720
0,#Repost @chrisgoods with @repostapp ãƒ»ãƒ»ãƒ» Hawaiian style > Chipotle w/ E. coli......this is Rad! @Chrisgoods.....Rad Post indeed! #NoEColi #noEboli #braddahsarmy #braddahs #islandstyle #burritos #bowls #tacos #salads #nachos #coconutbark #brokedamout #custo,23039972363,6,1,0,65462623@N02,77a3c86008,5666
0,"....show me da whhhay to Braddah's, itz @braddahs. ... Taco Tuesday! #tacotuesday #braddahs #islandstyle #burritos #bowls #tacos #salads #nachos #coconutbark #hotsauces #twobucks #eattacos #eatmanytacos #lasvegas #lasvegasfood @chipotlemexicangrill. .woul",22983456154,1,1,0,65462623@N02,53ce8528dc,642
0,"...and on the other side @braddahs of those upcoming 30,000, to be exact #! #braddahs #islandstyle #burritos #bowls #tacos #salads #nachos #coconutbark #hotsauces #Rewards #giveitback #tokeepit #earnpoints #getFreefood #lunchspecial #dinnerdeal #weneedyou",23518778311,6,1,0,65462623@N02,e249c9dce4,5740
0,...got..@braddahs...cha!!!! #braddahs #islandstyle #burritos #bowls #tacos #salads #nachos #coconutbark #hotsauces #lasvegas #newBrand #readytospread #readyforprimetime #sunset #fadetoblack #business101 #builditbetter #buildabrand #fromscratch #believeiny,22973507573,6,1,0,65462623@N02,bea91f4bb6,5733
0,...our rad new posters are up in da windows @braddahs promoting our Lunch and Dinner Deals! #lunch #dinner #lunchspecial #dinnerdeal #braddahs #islandstyle #burritos #bowls #tacos #salads #nachos #coconutbark #hotsauces #brokedamout #LasVegas #poster #pos,23280987620,6,1,0,65462623@N02,866953ac01,5811
0,My Beach @braddahs Right this wahhhy! #melekalikimaka #braddahs #islandstyle #burritos #bowls #tacos #salads #nachos #coconutbark #hotsauces #brokedamout #mybeach #mywave #showsometoes #noshirtrequired #ever #nohighheels #nooverpricedjewelry #saltyhair #s,23280650480,1,1,0,65462623@N02,39c1046124,767
0,"..da Tiki Dudes, who hold da menus @braddahs ..are so ready for Christmas,  are you? #braddahs #islandstyle #burritos #bowls #tacos #salads #nachos #coconutbark #hotsauces #tikis #TikiDude1 #TikiDude2 #thingys #menu #menuholder #santaclauseiscomingtotown",23493447741,6,1,0,65462623@N02,019c13cfb0,5663
0,Tonight my friend made me a burrito bowl in a pea soup bowl.,23161459779,1,1,0,34356022@N03,ab87cd925a,621
0,...Hey Girl @braddahs You'd look good  in that.......#heygirl #flowers #hawaiianstyle #flowerpower #wow #doubletake  #braddahs #islandstyle #burritos #bowls #tacos #salads #nachos #coconutbark #hotsauces #snapbacks #apparel #wearit #branding #hawaiiansun,23485201876,1,1,0,65462623@N02,c1f4a5cf34,669
0,Restaurant Quality @braddahs Posters @envylogo #graphicdesigner #restaurateur #notAmetuer #UncleRichie #theylookgood #readyforprimetime #dontforget #Lunchtime #braddahs #islandstyle #burritos #bowls #tacos #salads #nachos #coconutbark #brokedamout #custom,23213079650,1,1,0,65462623@N02,1abf6a2fc7,601
0,3 Tacos @braddahs 3 Toe Curling Lava Lamps @braddahs #braddahs #islandstyle #burritos #bowls #tacos #salads #nachos #coconutbark #hotsauces #LasVegas #itsdaBest #@chipotlemexicangrill #doyouhaveLavaLamps #ididntthinkso #imAfraidNot #butthatsnonofmybusines,22880123504,6,1,0,65462623@N02,aba8864296,5740
0,....one always starts in da mail room @braddahs....to reach da Top! #justlikeBuddy #mailBoy #mailroom #mailing #worldwideLive #stoked #uspostalservice #handlewithcare #braddahs #islandstyle #burritos #bowls #tacos #salads #nachos #coconutbark #hotsauces #,23396654612,6,1,0,65462623@N02,697f8cbb98,5652
0,Stickers make Wahoo's Fish Tacos glow,23475145905,6,1,0,92146676@N04,8e87c8d8f1,5785
0,DIY Burrito Bowl with Avocado Lime Sauce (Source) VeganFoodPornPictures.com | Vegan Cookbooks On Sale! Like Us On Facebook | Follow Us On Twitter,22716300314,6,1,0,124518470@N07,29e84bb0c9,5658
0,"BRB, having #foodgasm #RealFoodDaily #SupremeBurrito ... But in a bowl, so I can read without getting burrito fingers all over the book.  Chapter 1 has been beautiful and enlightening. #Tantric #tantra #yoga #vegetarian #lovelife",23226154081,6,1,0,133549288@N06,47238109eb,5645
0,Spaghetti Squash Burrito Bowls (Source) VeganFoodPornPictures.com | Vegan Cookbooks On Sale! Like Us On Facebook | Follow Us On Twitter,22631218923,6,1,0,124518470@N07,bb3a8c7e44,5827
0,"Korilla, New York, NY",23131799066,6,1,0,25229906@N00,0d58eaa816,5742
0,Apple Burritos & Tea @ Teen Library,22779805659,1,1,0,34630567@N06,3e9f7af909,737
0,METROMART,22920919716,6,1,0,64232630@N00,2995f76270,5676
0,Spaghetti Squash Burrito Bowls /â€¦ (Source) VeganFoodPornPictures.com | Vegan Cookbooks On Sale! Like Us On Facebook | Follow Us On Twitter,22516230217,6,1,0,124518470@N07,ced259db0e,5631
0,Shredded Chicken Taco Salad,22214181403,1,1,0,55568362@N03,b77fc3a991,668
0,It's @burritoscork Friday here at @teamwork_com HQ. I went with a veggie #burrito bowl.,22406738657,6,1,0,28155578@N04,b1b1b709de,5715
0,Turn basic left overs into this delicious and easy Chicken Quinoa Burrito Bowl for lunch the next day. This recipe can be prepped the night before and heated when you are ready to eat using Reynoldsâ„¢ heat & eat containers. Recipe is #ontheblog today! [,22557363622,6,1,0,22437567@N00,999a092d2b,5815
0,Making Burrito Bowl,21937054524,6,1,0,134178153@N07,45a99bf2f6,5653
0,Carnitas burrito bowl de @chipotlemexicangrill no te acabes nunca!,22231779238,1,1,0,28388330@N02,b32c8430c1,775
0,Burrito Bowl with chicken,22360304602,1,1,0,22759125@N00,86df20ede9,775
0,#burrito bowls in #Kigali - yes it can be done and it's pretty good and cheap as well,22180767030,1,1,0,96223380@N02,e54afd4224,641
0,"Post surgery dinner. Salad, vegi burrito, small bowl rice, 2 bottles of water, 1 Gatorade for some electrolytes (they don't have coconut water ðŸ˜¢ðŸ˜”) 1 cup â˜• tea. See link ðŸ”— $$$ðŸ˜…$$$ðŸ‘‘$$$ðŸš˜$$$ @najaamlee #n",22342347205,6,1,0,134442040@N04,2344f110bc,5813
0,2015-05-03 19.41.07,22098407088,1,1,0,63252576@N02,64a7dabc22,685
0,Steak & Shrimp burrito bowl & street style tacos. #Work #Lunch #Mexican #Food #Beer #INeedANap,22012132148,1,1,0,123418474@N02,d756d1f593,585
0,Pork and Chicken Burrito Bowls,21963932349,1,1,0,22759125@N00,36fd95e69f,682
0,Pork and Chicken Burrito Bowls,21381324584,1,1,0,22759125@N00,3123ac488a,735
0,Chipotle's Carnitas Burrito Bowl for dinner #missthissomuch #viva #lasvegas,21799703270,6,1,0,64042433@N00,04ed14df01,5706
0,Chipotle burrito bowl,21740143540,6,1,0,91255936@N07,59f642bb55,5802
0,burrito bowl,21679210428,6,1,0,69489312@N03,046035f466,5638
0,DSC04539,21678427709,1,1,0,29462565@N00,bde1ce30d1,779
0,"VEGAN BURRITO BOWL By @thedreamyleaf ðŸ’š INGREDIENTS 2 cups cooked rice (I used brown rice) 1 can black beans (washed and drained) 1 head of romaine lettuce, chopped 1 pint cherry tomatoes, chopped 2 cups corn (thawed if it was frozen) 1 avocado",21695952482,6,1,0,93888946@N06,f647cc1dda,5692
0,"Did you know that September is #nationalricemonth !? @planetrice sent me their sprouted CALIFORNIA (represent!!) brown rice to play with and I immediately made burrito bowls! To make the cilantro rice, I stir in some cilantro pesto (cilantro, oil, garlic,",21496452730,1,1,0,40991250@N00,5e02055824,660
0,Pinned to Food Yum on Pinterest,21054789683,1,1,0,135607040@N07,d07bd8f3c8,619
0,Spaghetti Squash Burrito Bowl,21044721164,6,1,0,87533346@N00,19584b38fb,5797
0,"Sour-rrrrrrr cream @braddahs. .whipped up , nice and thin! #sourcream #weallscreamforSourCream #wrongsongsir #workout #5gallons # #kegger #fivedollarsatthedoor #wrongpartysir #truecooks #workindakitchen #whatwedo #braddahs #islandstyle #burritos #bowls #t",21652482502,6,1,0,65462623@N02,8c2fa7b6ea,5701
0,Chicken burrito bowl at #bluespooncatering #burritobowl #foodtruck #foodtrucks,21034989573,6,1,0,125230992@N04,aff445cda3,5677
0,YELPED @yelplv....#WarmSprings #LasVegas #4 ..and BIG Mahaloz for it! #yelp #yelped #iwantyoutoyelp.......#me #braddahs #islandstyle #burritos #bowls #tacos #salads #nachos #chipotle #lookoveryourshoulder #aWaveisComing #aNewBrand #BRADDAHS #only4now #but,21634154742,1,1,0,65462623@N02,1c64e31e22,728
0,#Repost @rareandwelldonela with @repostapp ãƒ»ãƒ»ãƒ» Big Mahaloz @rareandwelldonela for posting your absolutely rad pic of my #pulehusteak #tacos #udabest #tacotuesday #hawaiiansideoflife #islandstyle #burritos #bowls #tacos #salads #nachos #shakas #coconutbark,21641995575,6,1,0,65462623@N02,9a489f5357,5632
0,Day 1 of #fitforfall #charitychallenge was a success! âœ”ï¸ðŸ’ M1: flax banana muffin bite & kale/blueberry smoothie! M2: string cheese M3: leftover salmon & cucumber salad M4: Luna Bar M5: Homemade Burrito Bowl :heart_e,21426496029,1,1,0,126691933@N08,e90d6a59ff,704
0,#Repost @mariahsen with @repostapp ãƒ»ãƒ»ãƒ» first timer.............Big Mahaloz @mariahsen....for posting your #foodieporn on your #firsttime @braddahs #hopefully #NOTYourLast  #IslandStyle #burritos #bowls #tacos #salads #nachos #shakas #UNLV #helpmetellthewo,21586345155,1,1,0,65462623@N02,59ea1af1eb,587
0,roasted carrot grilled portobello burrito bowl,21370505699,1,1,0,125770585@N07,e37211ce98,672
0,Kelley surprised me and made burrito bowls for dinner every bit as good as chipotle #alwaysSF #sanfrancisco #downtownSF,21434221591,6,1,0,8662431@N02,d1d2434332,5665
0,Jake Duncombe / fs feeble over loveseat,20689684774,6,1,0,7957820@N03,67563a7468,5689
0,Delivery boy @braddahs. ...delivering the chemicals to keep our restaurants clean! #braddahs #islandstyle #burritos #bowls #tacos #salads #nachos #deliveryboy #entrepreneur #ceo #doesitall #evenMoptheKitchenFloors #truecooks #thetruth #whatwedo #inthrough,21123923650,6,1,0,65462623@N02,5f63d9c8e5,5770
0,The best burrito bowl ever. Period. #boston #elpelontaqueria #fenway #burrito #mexicanfood #mexican #bestburrito #healthy #carneasada #beef #burritobowl,21122450460,1,1,0,134442040@N04,2b52ed41e3,604
0,"Burrito Bowl in Chipotle, NYC.",21117890979,6,1,0,120670783@N02,2a2056d576,5835
0,rainbow burrito bowl 1,21098774179,1,1,0,132019101@N05,490f7e720c,772
0,rainbow burrito bowl 2,21098774089,6,1,0,132019101@N05,7f47ff3ef4,5769
0,rainbow burrito bowl 5,21259395396,6,1,0,132019101@N05,87aacbb85a,5696
0,rainbow burrito bowl 4,21098773909,1,1,0,132019101@N05,30e8a2fee4,671
0,rainbow burrito bowl 7,21275074932,1,1,0,132019101@N05,ea09d4a655,643
0,rainbow burrito bowl 8,20662960884,1,1,0,132019101@N05,7814773572,629
0,rainbow burrito bowl 3,21293770531,6,1,0,132019101@N05,278f845f33,5780
0,rainbow burrito bowl 9,21275074532,1,1,0,132019101@N05,9439691e52,620
0,Dinner 20150909,20658877834,6,1,0,33185223@N00,1f81f186c9,5659
0,"Dinner time.......At Chipotle Mexican Grill, Oh how I've missed this place ! Lol. iGot a Burrito Bowl, with Spicy Chicken, Cilantro Rice, Black Beans, Lettuce, Fresh Tomato Salsa, Corn Salsa, Cheese and Guacamole ! Also got some Tortilla Chips with Fresh",21066692660,6,1,0,98247681@N06,54e00b4548,5621
0,Burrito bowls for dinner. Looks simple enough and yet... the weekend tally: one broken pinky toe (Andrew); one slightly injured hand due to a dog running into my hand at full speed (me); one phone call to the police to report on our belligerent neighbors,21177056916,6,1,0,53529921@N00,84267f6c2f,5709
0,KALE & QUINOA BURRITO BOWL (Source) VeganFoodPornPictures.com | Vegan Cookbooks On Sale! Like Us On Facebook | Follow Us On Twitter,21173358046,1,1,0,124518470@N07,a9539b6244,727
0,Chicken Burrito Bowl,21081803856,6,1,0,42807215@N00,6abe3d1913,5784
0,Chicken Burrito Bowl,20920112178,1,1,0,42807215@N00,631132978b,725
0,Chicken Burrito Bowl,20920109698,1,1,0,42807215@N00,1eed180100,636
0,Chicken Burrito Bowl,21115706331,6,1,0,42807215@N00,9b5c883e7d,5795
0,"Created my own Vegan Burrito Bowl w/black beans, quinoa, guacamole, cilantro, salsa & lettuce ..yummyyy!! #vegan #veganlove #vegetarian #WholeFoods #burritobowl #veganfood",20856107020,1,1,0,127382995@N06,1b077d6018,629
0,when you haven't had time to buy groceries for the week + so everyone pitches in to make some kitchen sink burrito bowls ðŸ™Œ,20884669765,6,1,0,123893628@N07,c4dee5d03a,5796
0,Burrito bowl with pulled pork,20826709916,1,1,0,22759125@N00,5b018fefd0,726
0,KALE & QUINOA BURRITO BOWL,20769236265,6,1,0,92227420@N05,9856c4f72b,5808
0,KALE & QUINOA BURRITO BOWL,20769235115,1,1,0,92227420@N05,e7ea485f0f,776
0,KALE & QUINOA BURRITO BOWL,20581248928,6,1,0,92227420@N05,446793651a,5732
0,KALE & QUINOA BURRITO BOWL,20581248970,6,1,0,92227420@N05,07218693c4,5665
0,KALE & QUINOA BURRITO BOWL,20776184151,6,1,0,92227420@N05,f5900df2f4,5701
0,Taco Trip and da way rad Aaron Sanchez coming to da Cooking Channel soon. #cheflife #truecooks #truesurfer #braddahs #islandstyle #burritos #bowls #TACOS #salads #Shakas #nachos #TVGuide #watchforTimes #notReadyforPrimeTimePlayers #tacotrip #tacotalk #eat,20722194166,1,1,0,65462623@N02,6ef1cd2f93,768
0,KALE & QUINOA BURRITO BOWL,20717756726,1,1,0,92227420@N05,7dca6a062a,564
0,KALE & QUINOA BURRITO BOWL,20555715498,1,1,0,92227420@N05,3bf76b6e86,620
0,Double Burrito Bowl Monday!,20526331619,6,1,0,22759125@N00,72ce2f2b60,5720
0,Current status - burrito bowls and @taylorswift13 pregame #dadops,20421807848,1,1,0,11133816@N08,4039850c6c,633
0,Skinny Burrito Bowl,20529834761,6,1,0,60140120@N03,372a363cf5,5760
0,Skinny Burrito Bowl,20336742149,6,1,0,60140120@N03,ea7b58807a,5666
0,Skinny Burrito Bowl,20335432318,6,1,0,60140120@N03,8a5caf1f07,5816
0,Skinny Burrito Bowl,20336741699,6,1,0,60140120@N03,1174efde77,5737
0,Burrito bowl,19897097673,1,1,0,33845839@N04,bfe4175631,566
0,Overstuffed burrito turns into veggie bowl for lunch. Who needs poke? #meactually #meatlesstuesday,20311750318,1,1,0,123545217@N03,2aefe0bfea,499
0,Burrito bowl from boloco today for lunch ðŸ˜Š #lunch #burrito #boloco #healthy #healthyfood #healthyeats #cleanfood #cleaneats #cleaneating #food #goodfood #foodjourney #healthylife #diet #nutrition #fitfam #foodshare #recipe #healthyrecipe,20437896306,1,1,0,134442040@N04,450581d5b7,364
0,"Young skateboarder shows off his moves in the bowl at Beach Burrito, #GertrudeSt",20423018575,1,1,0,33288500@N02,d398a4bda6,336
0,Vegan burrito bowl (Source) VeganFoodPornPictures.com | Vegan Cookbooks On Sale! Like Us On Facebook | Follow Us On Twitter,20215942848,1,1,0,124518470@N07,2799312258,357
0,"...a fresh batch of Papaya Buttermilk Ranch salad dressing @braddahs. ....so very cool, so very papaya,  so uber ONO! #braddahs #burritos #bowls #tacos #SALADS #saladdressing  #nachos #whataBigBowlYouHave #stainlesssteel #silversurfer #betterthanchipotle",20377491342,1,1,0,65462623@N02,b030cf202f,315
0,"Little Joshua has enjoyed cooking since he was just a little guy. He started out doing it for pretend and was happy to just have an empty bowl, spoon, and some empty spice jars but he's getting bigger and is actually helping to make burritos tonight in hi",20117553859,4,1,0,75652046@N04,e8ed2b7920,3674
0,...da dining room where it all began..@braddahs....Happy Aloha Monday!  #Braddahs #IslandStyle #burritos #bowls #tacos #salads #nachos #coconutbarks #bestdessert2013 #bestGuacamole2013 #bestdessert2014 #BestHawaiian2015 #BestoftheCity2015  #Howluckycanone,20266242191,1,1,0,65462623@N02,3ef58f8b1a,507
0,Burrito Bowl,20019805770,1,1,0,35477905@N08,6b559378a5,264
0,Happy Huli Huli Hump Day @braddahs ...deserves Huli Huli Chicken! #hulihulichicken #funtosay #soOno #burritos #bowls #tacos #salads #nachos #onolishous #braddahsislandstyle #aloha #hulihuli #humpday #makehumpdayyourfavorite #truecooks #surfertogriller #yo,19941852100,1,1,0,65462623@N02,4e33b1a7ab,542
0,Hanging out at Wilshire. Tried the burrito bowl with pork belly. It was absolutely delicious. Entertained to pay for my dinner. #JoshTheMagicMan,20061967836,1,1,0,47218495@N05,381fa1ed64,388
0,"#Repost @i_am.wendy ãƒ»ãƒ»ãƒ» I found the chipotle of Hawaiian food #holygrail ðŸ™ŒðŸ™†.......again , and again, and again.......#icantmahaloyouenough @i_am.wendy.....#forbeingmostRad #chipotle #HawaiianSideofThings #IslandStyle #burritos #bowls",19452664704,1,1,0,65462623@N02,50f0862b3a,258
0,Burrito Bowl with pork,19886692138,4,1,0,22759125@N00,aa1e646a7a,3665
0,7/20/15 Burrito Bowl on a Super Hot Day,19351717143,1,1,0,15102029@N00,f0928c52ff,283
0,Spicy Sweet Potato and Green Rice Burrito Bowl (Source) VeganFoodPornPictures.com | Vegan Cookbooks On Sale! Like Us On Facebook | Follow Us On Twitter,19900483152,4,1,0,124518470@N07,9e9cf6e1c4,3734
0,Pork Butt @braddahs..#ohbehaive . da box of Pork Butts! #kaluaPig #builditbetter #smackthatass #builditbetter #betterthanchipotle ##burritos #bowls #butts #tacos #salads #nachos #readtheLabel #BUTTS #roundmoundofrebound #pullyourpantsupJR #boardshorts #di,19901281055,1,1,0,65462623@N02,ffd23310d9,464
0,..intimate confines..@braddahs..filled with da warmth of Aloha! #4 #Braddahs #brandbuilder #buildabrand #builditbetter #builditbyhand #builditandtheywillcome #bobdabuilder #warmth #warehouselighting #vintageartwork #cornerseating #highlow #burritos #bowls,19193596484,1,1,0,65462623@N02,355ef97483,406
0,#Burritos and #bowls with #babes #fitzroy #gertrude #mexican #beachburrito #skate #melbournefood,19150363313,4,1,0,46297184@N08,072399b794,3757
0,Black Bean Burrito Bowl,19127648694,1,1,0,82866870@N03,688a62a255,430
0,Black Bean Burrito Bowl,19127632234,1,1,0,82866870@N03,d559b6dd08,320
0,Burrito Bowl for Dinner! #vegan,19733837531,4,1,0,84743614@N00,7fbaf752a9,3719
0,Burrito Bowl with tofu,19104717673,1,1,0,22759125@N00,3d18a09941,312
0,Good music...is good music!,19521394569,1,1,0,41808763@N00,11b5d0a623,485
0,Elvis Costello @ Hollywood Bowl,19520007630,1,1,0,41808763@N00,27ac648df5,357
0,Elvis Costello @ Hollywood Bowl,19087104973,1,1,0,41808763@N00,a5de0e44f0,362
0,Elvis Costello @ Hollywood Bowl,19520002910,1,1,0,41808763@N00,2ff60fea9f,435
0,Elvis Costello @ Hollywood Bowl,19700818812,1,1,0,41808763@N00,5322ddfd60,424
0,the bowl...,19700791742,1,1,0,41808763@N00,da34189cdf,374
0,Hollywood sign,19712510871,1,1,0,41808763@N00,74e38398f5,532
0,Chipotle burrito bowl #gf #glutenfree #GMOfree,19512246500,4,1,0,62796122@N06,d6d2d3352c,3729
0,"Amazing burrito bowls at ""86 This"" in Ellsworth, ME #glutenfree #gf",19078148833,1,1,0,62796122@N06,266aeeb223,277
0,Sriracha Lime Chicken,19686618285,1,1,0,131395978@N03,8d1cb0880d,428
0,"Yesterday someone on Facebook posted a vegetarian poster of close-ups of a bunch of animal eyes, asking which ones it's ok to eat, and asking what's the difference. I usually get a chicken burrito bowl. But I can't get the eyes out of my head. So I got th",19054258974,1,1,0,89784990@N00,de0e783f90,448
0,"...thatz a huge 60 inch swell @braddahs.....3 ""sets""... right behind dis one! #myMenuboard #longboards #mybig60inch #swollen #step1 #burritos #bowls #tacos #salads #nachos #chooseone #makeutCustom #hdtv #lookup #restaurateur #surfer #huge #heavyFroth #pad",19370627150,1,1,0,65462623@N02,9b96e9775b,370
0,"...thatz a huge 60 inch swell @braddahs.....3 ""sets""... right behind dis one! #myMenuboard #longboards #mybig60inch #swollen #step1 #burritos #bowls #tacos #salads #nachos #chooseone #makeutCustom #hdtv #lookup #restaurateur #surfer #huge #heavyFroth #pad",19558511155,1,1,0,65462623@N02,1d164f56ae,466
0,Perk of working 2 blocks from each other? Steamy burrito bowl rendezvous.,18913379614,1,1,0,7257550@N07,98f1aa8c0b,433
0,183/365,19203916078,4,1,0,89133305@N02,22dd3bfe3d,3850
0,"CCWindSurfer....@braddahs....Happy Aloha Friday!, Furshur! #AlohaFriday #windsurfer #windsurfing #mybeach #mywave #myLanai #truecooks #truly  #BraddahsMadness #IslandFlavors #IslandStyle #burritos #bigones #longboards #bowls #bowlrider #tacos #lovedaTaco",19383607512,1,1,0,65462623@N02,2b7eda0bf2,377
0,Spicy Roasted Potato Burrito Bowl / Recipe (Source) VeganFoodPornPictures.com | Vegan Cookbooks On Sale! Like Us On Facebook | Follow Us On Twitter,19138715928,1,1,0,124518470@N07,17c851259e,469
0,Steak Burrito Bowl @chipotlemexicangrill #foodie #chicago #lakeview #chipotle #steak,18655386363,1,1,0,72346081@N05,7828de1efd,506
0,"..and with a flick of da switch @braddahs...we just made Warm Springs at Tanaya....way warmer, whaay! #braddahsislandstyle #burritos #bowls #tacos#salads #nachos #sauces #coconutbarks #eyecatcher #ohhhhfireworks #lookeyhere #wehaveasign #waveyoubannerhigh",19172224481,4,1,0,65462623@N02,954c76714b,3813
0,"Big Mahaloz, Positively LV for spread-n da Aloha @braddahs....spred-n da Luv. #newsworthy #inthenews #makingwaves #positively #lasvegas #inprint #cookingchannel #telldaworld #brandbuilder #braddahsislandstyle #burritos #bowls #tacos #salads #nachos #chann",19147476845,1,1,0,65462623@N02,6b8a52a334,556
0,Sofrito Shrimp Burrito,18855149290,1,1,0,78978441@N06,a8247d6f2c,286
0,Paleo Burrito Bowls,18844109590,1,1,0,29948832@N04,5f7326f991,451
0,...number four @braddahs....from our point of view....serving you ....soon....#Ipromise #hanginthere #comingsoon #lasvegasnews #lasvegasBest #newBrand #numberFour #fantasticfour #furshur #braddahsislandstyle #burritos #bowls #tacos #salads #nachos #coconu,18778252168,1,1,0,65462623@N02,afbe382ef0,499
0,Pulehu Steak @braddahs with Mango n Roasted Corn Salsa! #Ono #pulehusteak #grassfedbeef #braddahsislandstyle #burritos #BOWLS #tacos #salads #nachos #whosegotthebiggestbowlsofthemall #mybowlsarealwaysFull #eatme #lasvegasnews #lasvegasbest #bestHawaiian #,18941721515,1,1,0,65462623@N02,898ace391a,300
0,"Another favourite from this week's menu: Chicken Burrito Bowls! Red beans, brown rice and spiced shredded chicken, topped off with Chris's home-made spicy salsa #glutenfree #dairyfree #nourishistanbul #healthyeats",18916528825,4,1,0,118563503@N04,47a3ff47d1,3787
0,Ono Kalua Pig Nachos @braddahs with Black Lava Chips. #eatme #braddahsislandstyle #burritos #bowls #tacos #salads #NACHOS #OnoNachos #singleserving #orShare #sharingismyfavorite #digin #divein #duckdive #drivein #drivethru #truecooks #whatwedo #feedyou #o,18724239680,4,1,0,65462623@N02,5d002e0989,3748
0,HOME OF THE BOARDWALKING TACO BURRITO BOWLS SALADS QUESADILLAS NACHOS TACOS,18880868466,4,1,0,99753978@N03,ae6d567654,3840
0,HOME OF THE TACO IN A BAG SALADS BURRITO BOWLS NACHOS QUESADILLAS TACOS Â¡WOW!,18720989689,1,1,0,99753978@N03,1712532529,374
0,"...a very very Happy Huli Huli Hump Day @braddahs...dive into dis buuurrr-it,.fur shur! #braddahsislandstyle #burritos #bowls #tacos #salads #nachos #hulihulichicken #humpday #humping #makeHumpingyourFavorite #thatsaBeauty #eatmelasvegas #eatme #rollingro",18711531950,1,1,0,65462623@N02,f7b62b9b2e,361
0,Burrito Bowl > Fondue   #foodfacts #paris #france #goodeats #chipotle #burritobowl #guacamole #food #foodporn #mexican #travel #travelgram #instatravel #igtravel #tourism #wonderlust #summer #summervacation #howwesummer #teachers #teacherswhotravel #adve,18680873059,6,1,0,130774974@N07,71fb769187,5446
0,..we promise that our Rad service is never Rare @braddahs.......it's da Rule! #braddahsislandstyle #burritos #bowls #tacos #salads #nachos #coconutbark #yelp #yelped #yelpedagain #yelpayelpadingdong #lasvegasnews #bestHawaiian #bestService #Youcanttouchth,18843520802,6,1,0,65462623@N02,6acdfe6974,5545
0,"vegan-yums: Kale, Black Bean and Avocado Burrito Bowl / Recipe (Source) VeganFoodPornPictures.com | Vegan Cookbooks On Sale! Like Us On Facebook | Follow Us On Twitter",18634462188,6,1,0,124518470@N07,cf9fcf3b93,5597
0,Burrito Bowl with tofu,18629624465,9,1,0,22759125@N00,13ceb908d4,8897
0,[Weight Loss Recipes] Chicken Burrito Bowls with Bacon Guacamole and Scallion Pesto,18358294430,9,1,0,132285445@N05,29cd1fdb2f,8836
0,Veggie Burrito Bowl with Creamy Cilantro Sauce (Source) VeganFoodPornPictures.com | Vegan Cookbooks On Sale! Like Us On Facebook | Follow Us On Twitter,18339785348,1,1,0,124518470@N07,a7fe843ee6,450
0,139/365 - Urban ducks,17879558154,1,1,0,39944805@N00,20b4c4ee8f,295
0,Large pan of Beef Burrito Bowl #glutenfree #gf,18351094881,1,1,0,62796122@N06,f6c565a361,517
0,"garden-of-vegan: Vegan Burrito Bowl (brown rice, kale, bellâ€¦ (Source) VeganFoodPornPictures.com | Vegan Cookbooks On Sale! Like Us On Facebook | Follow Us On Twitter",18176958001,8,1,0,124518470@N07,0b90ffc60b,7731
0,Burrito Bowl = Favorite Food,18087243831,6,1,0,76343476@N00,3634e0c895,5328
0,"....why yes , yes you may @afloutlawposse. ..absolutely,  grab my stick! #Udabest #outlawposse #mirrormirrorondawall #whosdaraddezztoneoftheAll #radness #canyoufindCC #truecooks #mybeach #mywave #mystick #doubletake #surfboard #burritos #bowls #tacos #sal",17835529498,8,1,0,65462623@N02,36b350771f,7663
0,"...I promised you @braddahs to give you my all, there is no job too small! #showsometoes #roadrash #roadkill #surfboard #truecooks #itsAllNatural #itswhatwedo #foryouandyoyandyou #dropin #mybeach #mywave #myKitchen #myGrill #islandstyle #burritos #bowls #",18021858415,8,1,0,65462623@N02,b227431dbc,7668
0,"Beef Guerrero Burrito Bowl with Brown Rice, Guacamole, Jack Cheese & Corn Chips.",17929435846,8,1,0,78808731@N05,41ec1554af,7790
0,Chicken Burrito Bowl #glutenfree #gf,17691600059,8,1,0,62796122@N06,107873ce53,7723
0,Vegan Burrito Bowl Enchiladas (Source) VeganFoodPornPictures.com | Vegan Cookbooks On Sale! Like Us On Facebook | Follow Us On Twitter,17856935362,9,1,0,124518470@N07,efd4df7736,8881
0,Burritos at Rosendale,17639269555,6,1,0,126644355@N02,10f2125afe,5336
0,Burrito Bowl,17621375831,9,1,0,27828159@N04,fe4c0eb098,8895
0,Quinoa burrito bowls. Prepping to make sure I don't cheat my meals. #healthy #quinoa #mexican #avocado #beachbody #beans #dinner #prep #instacook #instafood #imadeit #foodie #foodgasm #food,17394054249,9,1,0,72346081@N05,138d022954,8798
0,Shrimp taco plate & Carnitas burrito bowl from #tacospot #LAfoodMarathon,17384379629,6,1,0,58383324@N00,5cfe54a8b1,5442
0,,17221438928,9,1,0,49638038@N03,49a0c3d2b9,8717
0,Burrito Bowl,17221057580,9,1,0,54296037@N00,d556fa74a5,8828
0,Tuesday's Question Board,17181886767,8,1,0,57643208@N00,95f3370035,7790
0,Enjoying a Brazilian take on a burrito bowl. This was incredibly delicious! ðŸ´â¤ï¸,16728387843,9,1,0,72346081@N05,7fe802bd9e,8848
0,A firm favourite back on this week's menu: Shredded Chicken Burrito Bowl! Spicy chicken and home-made salsa on top of brown rice and beans #glutenfree #paleo #organic #nourishistanbul,17309472975,8,1,0,118563503@N04,2dba8321fa,7678
0,Chicken Burrito Bowl #glutenfree #gf,16660633274,9,1,0,62796122@N06,3ca76cedb0,8719
0,Steak Burrito Bowl. #chipotle #steak #burrito #tabasco #food #foodtographer #foodgasm #foodporn #lunch #postpromrecovery #guac #guacamole,16658389234,9,1,0,28551540@N05,ec73375576,8730
0,Burrito bowl version: salad?,17054712609,9,1,0,72346081@N05,bfd813aee3,8767
0,kasichillas cartoon,17227224582,8,1,0,84624968@N06,a6b89af61c,7687
0,Getting her mojo back!,17040139260,8,1,0,71612706@N00,45b31e7688,7648
0,Roasted Zucchini & Corn Burrito Bowl @ Chinita  Such grand levels of #Nom in there!,16590031164,6,1,0,75079959@N00,e8d89a7539,5460
0,Indio A&W Rootbeer Ad from '77 Rajahan - Indio HS.,17169731216,9,1,0,91981316@N06,7f95008cdc,8761
0,Burrito Bowl,16987356739,9,1,0,27828159@N04,a2b7fa6aa6,8751
0,#carnitas burrito bowl #ftw #foodporn #pedroscantina #sogood,17146010266,8,1,0,40714119@N02,4ccd65ea2d,7694
0,Waiting in the insane line behind the tall hottie fitness instructor....worth the wait...for the burrito bowl that is.,17169898455,8,1,0,41971188@N02,3eb7566c32,7596
0,Brown Rice and Veggie Bowl with Ginger-Lime Dressing! This #WeightWatchers recipe was so good that I'd skip the burrito joint for it any day! :-) #cooking #cookingfortwo #dinner #diningin #eeeeeats #eathealthy #eatingfortheinsta #foodIG #f52grams #foodpic,17162313155,8,1,0,95188557@N07,96276fa594,7585
0,Burrito Bowl with tofu,17150582385,8,1,0,22759125@N00,824beb2234,7644
0,Chipotle - Flash,17103701165,9,1,0,66046143@N07,1e916036c4,8821
0,Torpedo Sushi burrito in a vintage Russel Wright bowl circa 1940.,16914317660,8,1,0,58759413@N00,9b118b5bf7,7708
0,Pork Carnitas Burrito Bowl Soup,16911091908,9,1,0,39790048@N06,394b99efac,8799
0,Turkey Burrito Bowl,17070743226,8,1,0,130711001@N02,635dda356e,7620
0,Madd Mex Super California Burrito Bowl. It has bacon. #rebelsauce,16460558433,8,1,0,68103650@N00,2bbb4730ed,7672
0,Burrito Bowl with ground beef,16863385837,8,1,0,22759125@N00,eba676587b,7712
0,Burrito Bowl with pork,16805235778,8,1,0,22759125@N00,b82f8468df,7643
0,Carnitas burrito bowls for #shutterbeandinner,16796937208,8,1,0,40991250@N00,3ff42c1eb1,7614
0,Huli Huli Chicken Bowl @braddahs Ono! #braddahsislandstyle #lasvegaseats #lasvegaschefs #hulihulichicken #burritos #bowls #tacos #salads #nachos #freshfunkyfusion #bowlRider #onolishousness #ono #brokdamout #betterthenchipotle #theywillbe #mybeach #mywave,16960584752,8,1,0,65462623@N02,43c6f94464,7638
0,Burrito Bowl with fried egg and queso fresco,16341188543,9,1,0,27828159@N04,dcc2403e65,8717
0,Burrito Bowl with Cr http://ift.tt/1H9rgQu,16744764917,9,1,0,21007056@N05,6c23d89160,8754
0,Little buddy shared my burrito bowl!,16320530883,9,1,0,125926788@N02,0a89ec2e73,8735
0,Burrito Bowl with tofu,16720783227,8,1,0,22759125@N00,9b0ee2afd3,7584
0,"Lime-aid kefir with burrito bowls.   Not so much a local meal but it is cheap, tasty and easy. #realfood #frugalrealfoodmealplans",16887153272,9,1,0,75623760@N00,9917184fb5,8715
0,Burrito Bowl with tofu,16662297607,9,1,0,22759125@N00,ea5125a281,8680
0,Burrito Bowl with tofu,16683298649,8,1,0,22759125@N00,493c74f342,7640
0,Homemade Chipotle burrito bowl...main difference is the Black Bean and Butternut Squash Chili.,16669670710,9,1,0,131710797@N06,3d077fbed2,8596
0,#foodie #JamilEats @chipotlemexicangrill #burrito bowl,16210186784,9,1,0,131518607@N06,f7405f8bea,8660
0,Preparing a burrito bowl,16824527132,9,1,0,43352323@N00,99710d3329,8602
0,I'm a foodie now.  Chicken burrito bowl Lunch @ Fresh & Co,16814825485,9,1,0,96876760@N07,c1e5e12eb5,8639
0,3927491736_acbeb27d80_o,16812760451,8,1,0,131896582@N07,be160e6a92,7585
0,"Bug Mahaloz @envylogo for my urber Rad Stickerrr, for my B Day. Honk as you surf by! Fur Shur! #hangten #sticker #surprise #howRadisthis #howRadisthat #urber #braddahsislandstyle #burritos #bowls #tacos #salads #nachos #smile #wave #shaka #huge #dropin #v",16807244155,8,1,0,65462623@N02,700b3eb035,7628
0,"How can anyone not love Qdoba... I mean, really?!",16620818119,9,1,0,35477905@N08,5797991fc9,8704
0,Don't forget to celebrate Earmuffs day and get a burrito bowl from @moessouthwestgrill for only $5! Yum! ðŸ˜‹ #moes #earmuffsday #yum #moessouthwestgrill #burritobowl #vegan #vegetarian,16186998473,8,1,0,91230179@N03,a38486b63f,7625
0,"Mi burrito en bowl ðŸ˜ƒ obvio para mi es sÃºper chiquito :-) arroz curtido , frijolitos, lengua, guacamole crema y queso",16602228228,8,1,0,12878880@N00,8b70423d3b,7591
0,Burrito Bowl with tofu,16770579551,9,1,0,22759125@N00,923f40c26b,8693
0,Let the world know about your blasphemous love for burrito bowls with this Will Commit Sins 4 Chipotle T-Shirt from our OMGWTF Brand! Get it on RageOn.com today! #hipster   #chipotle #dope #whitegirl #funny #shirts #shirts #tshirt #clothing #tshirts #funn,16768857905,9,1,0,129237009@N06,37f470973d,8654
0,I luv to watch her @braddahs create with her crayolas! #braddahs #islandstyle #burritos #bowls #lilhulawhogirls #tacos #salads #nachos #artist #colormecrazy #colors #coloring #blankcanvas #sketch #masterpiece #downsyndrome #nodoubtaboutit #sheistheOne #ma,16574217709,8,1,0,65462623@N02,94820d1c60,7593
0,Burrito bowl with a fried egg,16128128503,8,1,0,27828159@N04,f4555ee9d5,7603
0,"Huli Huli Chicken ""Marination"" @braddahs. .with a ""twist"" of secret haoleboy creation. #marinate #12hours #hulihulichicken #letsgrillthatUp #andThrowitindaTacos #chefcc #lasvegasbest #lasvegaseats ##islandstyle #burritos #bowls #tacos #salads #nachos #gre",16549679500,9,1,0,65462623@N02,fbe0e96186,8653
0,Burrito Bowl with tofu,16543283648,9,1,0,22759125@N00,b5aa5441f8,8679
0,Burrito Bowl!,16084688194,9,1,0,32606924@N04,e65cf905c1,8626
0,Burrito Bowls in a jar. #healthyeating #keepyourChipotles,16063557944,9,1,0,65784442@N05,9b26fa9579,8603
0,...Guardian's of da Galaxy! @braddahs. ...well at least of da #braddahsislandstyle #havefun #stayyoung #saturdaynightlive #readyforprimetimeplayers #goofballs #lightsaber #startrek #starwars #burritos #bowls #tacos #salads #nachos #playwithusdaadee #absol,16679097985,9,1,0,65462623@N02,5c3564e146,8641
0,"Once they fix my order, we make it to her house and my burrito bowl is perfection",16489462769,9,1,0,127069119@N02,59af753533,8570
0,Trying the kids' burrito bowl.  Keeping it healthy.,16673320321,9,1,0,43758662@N03,5b547927c6,8584
0,"Kale, Black Bean and Avocado Burrito Bowl / Recipe (Source) VeganFoodPornPictures.com | Vegan Cookbooks On Sale! Like Us On Facebook | Follow Us On Twitter",16483090459,9,1,0,124518470@N07,f0768bd714,8677
0,Spicy Sweet Potato and Green Rice Burrito Bowls / Recipe (Source) VeganFoodPornPictures.com | Vegan Cookbooks On Sale! Like Us On Facebook | Follow Us On Twitter,16046662504,9,1,0,124518470@N07,4a9d7dc9e4,8618
0,Burrito Bowl with tofu,16038735863,9,1,0,22759125@N00,943fac4f2f,8628
0,Chipotle carnitas burrito bowl to support Urban Roots,16470902270,9,1,0,61909345@N03,f87cefd084,8678
0,"Lunch today was a chicken burrito bowl with spinach, brown rice, black beans and two kinds of salsa.",16038058343,9,1,0,75274024@N00,a353e2e149,8610
0,Burrito bowl at JosÃ© babushkas opening February 25 #eatgr #josebabushkas #burrito #Eastgrandrapids,16588884746,9,1,0,125230992@N04,aa3872214f,8638
0,"Tonights dinner: chicken burrito bowl with chicken, black beans, rice, cheese, tomato, and avocado.",15985312434,9,1,0,64935409@N06,1f2c82c217,8624
0,~02-18-15 Headlands Coffeehouse #2~,16399290127,9,1,0,54231871@N05,f52912ed9e,8635
0,~02-18-15 Headlands Coffeehouse #3~,16399289747,9,1,0,54231871@N05,5f18a391c7,8672
0,~02-18-15 Headlands Coffeehouse #5~,16399289127,9,1,0,54231871@N05,a7b713e513,8589
0,~02-18-15 Headlands Coffeehouse #6~,15984308004,9,1,0,54231871@N05,6340e4cf11,8568
0,"....may your Friday be full of ""Happy"" @braddahs .......may it be full of ""Aloha!"" #braddahs #islandstyle #alohafriday #alooooooohaaaaaa #palmcreepers #makealohafridayyourfavorite #much #aloha #muchLove #burritos #bowls #tacos #salads #nachos #soBarney #s",16592036511,8,1,0,65462623@N02,d7132dc90b,7438
0,Burrito Bowl with Steak,15966462543,8,1,0,22759125@N00,58d99c9ed1,7406
0,"Best lunch EVER! Pulled pork Burrito in a bowl, makes it #glutenfree and oh so yum from #salsas and last fot two meals for me.",15945754594,9,1,0,11246821@N06,e6a85b4dca,8618
0,Close up shot of my artwork for tonight's Tic Taco art show at @beach_burrito_co Bondi as part of @vans @bowl_a_rama festivities.,15931132884,8,1,0,52249359@N06,c0b91afb89,7460
0,"I guess you could call this my #paleo and #aip version of a #burrito bowl! A #sweetpotato topped with #leftover #tacomeat that I sautÃ©ed in #coconutoil with a little #kale and then added #sauerkraut, #avocado, #olives, and #horseradish. I was hungry after",16553603395,8,1,0,129360777@N06,e44be90d7d,7318
0,I have a piece of art in the Tic Taco artshow at @beach_burrito_co Bondi.   It is the first official event to kick off the @vans @bowl_a_rama and it's going to be sweet as a donut.  Poster photo by @tim_swallow_photo,16546528531,9,1,0,52249359@N06,df0f0e6e5d,8639
0,Burrito Bowl with pork,16522905052,8,1,0,22759125@N00,3401377446,7406
0,Spicy Quinoa Bean Burrito Bowl (Source) VeganFoodPornPictures.com | Vegan Cookbooks On Sale! Like Us On Facebook | Follow Us On Twitter,16462221486,8,1,0,124518470@N07,c1f4b9a6f0,7405
0,"Mexican getaways inspire Chipotle Burrito Bowls @ home. Cilantro Lime Rice w Pork Carnitas & Gauc, Lettuce, Queso Fresco, + lime - lots and lots of lime juice.",15861897714,8,1,0,99064794@N06,9998665684,7348
0,2015-02-03 20.06.43,16289041568,9,1,0,63252576@N02,d1ab79d761,8644
0,Another long day but with a nice reward. Burrito bowl for dinner.,16259490177,8,1,0,28705357@N00,aee8bc7583,7401
0,Burrito Bowl with ground beef,16396428525,9,1,0,22759125@N00,f592250d1e,8581
0,"Can't decide??? @braddahs,  order one of each,  Huli Huli Chicken,  Pulehu Steak, & Kalua Pig. Two Dollar Tiki Taco Tuesday! #udabest #tacos #braddahs #islandstyle #braddahsislandstyle #restaurants #burritos #bowls #tacos #salads #nachos #NewBrand #alohas",16195255570,8,1,0,65462623@N02,d3ed58977d,7304
0,2015-01-05 20.34.51,16184683367,8,1,0,63252576@N02,538c52ab55,7424
0,"sunday slumber @braddahs,  with my lilhulawhogurl, hold-up each other close, hold-n each tight! #braddahs #islandstyle #braddahsislandstyle #restaurants #burritos #bowls #tacos #salads #nachos #NewBrand #alohaspirit #alohastyle #nap #nappytime #hapahaole",16366118901,8,1,0,65462623@N02,387ca7e13f,7309
0,"Sunday night adventures @wholefoodsmarket. ""Fish taco"" burrito bowl ðŸ‘ŒðŸ·ðŸš #cleaneats #wholefoods #fresh #organic #yogaeverydamnday #cambriaestates #pinot #munchies #nomnomnom #delish",16366823912,9,1,0,72346081@N05,2cf32d73a3,8599
0,"Saturday progress at our new lil BRADDAH'S no. 4 @braddahs,  almost ready to go,  go go! #braddahs #islandstyle #braddahsislandstyle #restaurants #burritos #bowls #tacos #salads #nachos #NewBrand #alohaspirit #alohastyle #numberFour #fantasticfour #watchu",16359260955,8,1,0,65462623@N02,50327fd9d2,7397
0,"Tomato with Grilled Maui Onion Salsa @braddahs,  gives da most,  Tongue & Toe Curl! #braddahs #islandstyle #braddahsislandstyle #restaurants #burritos #bowls #tacos #salads #nachos #tomatowithgrilledmauionionsalsa #whatsyourfavoritecolor #RED #fresh #funk",16163819440,9,1,0,65462623@N02,3c3bd06974,8680
0,"Exo Skelton of BRADDAH'S no. 4 @braddahs,  next comes da internal organs! #braddahs #islandstyle #braddahsislandstyle #restaurants #burritos #bowls #tacos #salads #nachos #exoskeleton #skelator #skeleton #warmhearted #warmvibes #warmsprings #alohaLine #ma",16324401156,8,1,0,65462623@N02,ef0bb0e5cd,7579
0,"ONO Kalua Pig NACHOS @braddahs, fully customizable,  just like our burritos, bowls, tacos and salads! #braddahs #islandstyle #braddahsislandstyle #restaurants #burritos #bowls #tacos #salads #NACHOS # New q#OnoNachos #OnlyAt #braddahs #braddahs1 #braddahs",16343379371,8,1,0,65462623@N02,8c2e4187d9,7549
0,"I have been so excited for tonight's #realplans dinner! It's their take on a chicken burrito bowl - white rice with black beans, corn, grilled chicken, hand grated Monterrey jack cheese, guacamole, and salsa. Ohhhh it's so delicious! #realplansmealplan #h",16342898491,9,1,0,91245940@N04,7c67b4c984,8632
